scenario,seed,policy,event_count,gain_fee_pips,mean_applied_fee_pips,lp_fee_revenue_quote_wad,inventory_pnl_quote_wad,lp_net_pnl_quote_wad,realized_adverse_markout_quote_wad,benign_trader_fees_quote_wad,toxic_trader_fees_quote_wad,false_positive_rate_wad,false_negative_rate_wad,detection_latency_steps,toxic_notional_premium_rate_wad,time_above_baseline_rate_wad,fee_oscillation_pips,directionally_correct_toxic_rate_wad,toxic_buy_mean_fee_pips,toxic_sell_mean_fee_pips,correlation_with_volatility_only_wad,hook_gas_per_swap,reactive_callback_latency_steps,applied_callbacks,missing_callbacks,rejected_callbacks,expired_reference_count
benign_noise,101,fixed_fee,240,0,500,1803500000000000000,721846119924357661,2525346119924357661,303998643039986400,1803500000000000000,0,0,,,,0,0,,,,0,80253,,0,0,0,0
benign_noise,101,volatility_only,240,200000,550,1984261000000000000,721846119924357661,2706107119924357661,303998643039986400,1984261000000000000,0,825000000000000000,,,,825000000000000000,280,,,,1000000000000000000,80253,3,30,0,0,0
benign_noise,101,raw_positive_markout,240,100000,500,1805889000000000000,721846119924357661,2527735119924357661,303998643039986400,1805889000000000000,0,66666666666666666,,,,66666666666666666,88,,,,-293600927225035075,80253,3,29,0,0,0
benign_noise,101,dead_band_no_persistence,240,350000,500,1803500000000000000,721846119924357661,2525346119924357661,303998643039986400,1803500000000000000,0,0,,,,0,0,,,,0,80253,3,29,0,0,0
benign_noise,101,thetashield,240,500000,500,1803500000000000000,721846119924357661,2525346119924357661,303998643039986400,1803500000000000000,0,0,,,,0,0,,,,0,80253,3,29,0,0,0
benign_noise,211,fixed_fee,240,0,500,1701000000000000000,-221726498122391316,1479273501877608684,312406383124063800,1701000000000000000,0,0,,,,0,0,,,,0,80253,,0,0,0,0
benign_noise,211,volatility_only,240,200000,547,1861159000000000000,-221726498122391316,1639432501877608684,312406383124063800,1861159000000000000,0,825000000000000000,,,,825000000000000000,262,,,,1000000000000000000,80253,3,30,0,0,0
benign_noise,211,raw_positive_markout,240,100000,502,1710148000000000000,-221726498122391316,1488421501877608684,312406383124063800,1710148000000000000,0,233333333333333333,,,,233333333333333333,188,,,,259566685424873382,80253,3,29,0,0,0
benign_noise,211,dead_band_no_persistence,240,350000,500,1701000000000000000,-221726498122391316,1479273501877608684,312406383124063800,1701000000000000000,0,0,,,,0,0,,,,0,80253,3,29,0,0,0
benign_noise,211,thetashield,240,500000,500,1701000000000000000,-221726498122391316,1479273501877608684,312406383124063800,1701000000000000000,0,0,,,,0,0,,,,0,80253,3,29,0,0,0
benign_noise,307,fixed_fee,240,0,500,1894500000000000000,339556708906328166,2234056708906328166,345604203456042000,1894500000000000000,0,0,,,,0,0,,,,0,80253,,0,0,0,0
benign_noise,307,volatility_only,240,200000,552,2091312000000000000,339556708906328166,2430868708906328166,345604203456042000,2091312000000000000,0,825000000000000000,,,,825000000000000000,288,,,,1000000000000000000,80253,3,30,0,0,0
benign_noise,307,raw_positive_markout,240,100000,501,1900253000000000000,339556708906328166,2239809708906328166,345604203456042000,1900253000000000000,0,154166666666666666,,,,154166666666666666,140,,,,193147590361445783,80253,3,29,0,0,0
benign_noise,307,dead_band_no_persistence,240,350000,500,1894500000000000000,339556708906328166,2234056708906328166,345604203456042000,1894500000000000000,0,0,,,,0,0,,,,0,80253,3,29,0,0,0
benign_noise,307,thetashield,240,500000,500,1894500000000000000,339556708906328166,2234056708906328166,345604203456042000,1894500000000000000,0,0,,,,0,0,,,,0,80253,3,29,0,0,0
benign_noise,401,fixed_fee,240,0,500,1761500000000000000,2024857297790390868,3786357297790390868,296099012960990100,1761500000000000000,0,0,,,,0,0,,,,0,80253,,0,0,0,0
benign_noise,401,volatility_only,240,200000,549,1933707000000000000,2024857297790390868,3958564297790390868,296099012960990100,1933707000000000000,0,825000000000000000,,,,825000000000000000,216,,,,1000000000000000000,80253,3,30,0,0,0
benign_noise,401,raw_positive_markout,240,100000,500,1763888000000000000,2024857297790390868,3788745297790390868,296099012960990100,1763888000000000000,0,100000000000000000,,,,100000000000000000,68,,,,153620701980127242,80253,3,29,0,0,0
benign_noise,401,dead_band_no_persistence,240,350000,500,1761500000000000000,2024857297790390868,3786357297790390868,296099012960990100,1761500000000000000,0,0,,,,0,0,,,,0,80253,3,29,0,0,0
benign_noise,401,thetashield,240,500000,500,1761500000000000000,2024857297790390868,3786357297790390868,296099012960990100,1761500000000000000,0,0,,,,0,0,,,,0,80253,3,29,0,0,0
benign_noise,503,fixed_fee,240,0,500,1796000000000000000,-36063149345088935,1759936850654911065,283901092839010900,1796000000000000000,0,0,,,,0,0,,,,0,80253,,0,0,0,0
benign_noise,503,volatility_only,240,200000,551,1975702000000000000,-36063149345088935,1939638850654911065,283901092839010900,1975702000000000000,0,825000000000000000,,,,825000000000000000,222,,,,1000000000000000000,80253,3,30,0,0,0
benign_noise,503,raw_positive_markout,240,100000,500,1798243000000000000,-36063149345088935,1762179850654911065,283901092839010900,1798243000000000000,0,133333333333333333,,,,133333333333333333,48,,,,160318161732213875,80253,3,29,0,0,0
benign_noise,503,dead_band_no_persistence,240,350000,500,1796000000000000000,-36063149345088935,1759936850654911065,283901092839010900,1796000000000000000,0,0,,,,0,0,,,,0,80253,3,29,0,0,0
benign_noise,503,thetashield,240,500000,500,1796000000000000000,-36063149345088935,1759936850654911065,283901092839010900,1796000000000000000,0,0,,,,0,0,,,,0,80253,3,29,0,0,0
persistent_informed_buying,101,fixed_fee,240,0,500,1789000000000000000,-1403436187671588794612,-1401647187671588794612,13449867514498673800,510500000000000000,1278500000000000000,0,1000000000000000000,,0,0,0,0,500,,0,80253,,0,0,0,0
persistent_informed_buying,101,volatility_only,240,200000,858,3091037000000000000,-1403436187671588794612,-1400345150671588794612,13449867514498673800,755151000000000000,2335886000000000000,522388059701492537,57803468208092485,10,953461087211576065,825000000000000000,2906,0,910,,1000000000000000000,80253,3,30,0,0,0
persistent_informed_buying,101,raw_positive_markout,240,100000,857,3059079000000000000,-1403436187671588794612,-1400377108671588794612,13449867514498673800,614169000000000000,2444910000000000000,522388059701492537,0,0,1000000000000000000,866666666666666666,2660,1000000000000000000,954,,708578309027274326,80253,3,29,0,0,0
persistent_informed_buying,101,dead_band_no_persistence,240,350000,817,2943455000000000000,-1403436187671588794612,-1400492732671588794612,13449867514498673800,611336000000000000,2332119000000000000,208955223880597014,161849710982658959,32,854908095424325381,662500000000000000,3934,838150289017341040,901,,404097074560268806,80253,3,29,0,0,0
persistent_informed_buying,101,thetashield,240,500000,865,3112476000000000000,-1403436187671588794612,-1400323711671588794612,13449867514498673800,625112000000000000,2487364000000000000,179104477611940298,289017341040462427,59,721548689870942510,562500000000000000,3208,710982658959537572,960,,411214004701367788,80253,3,29,0,0,0
persistent_informed_buying,211,fixed_fee,240,0,500,1719000000000000000,-1468719876115384226588,-1467000876115384226588,12595649675956495500,510500000000000000,1208500000000000000,0,1000000000000000000,,0,0,0,0,500,,0,80253,,0,0,0,0
persistent_informed_buying,211,volatility_only,240,200000,872,2989518000000000000,-1468719876115384226588,-1465730358115384226588,12595649675956495500,742655000000000000,2246863000000000000,539473684210526315,42682926829268292,9,947455523376086057,825000000000000000,2628,0,936,,1000000000000000000,80253,3,30,0,0,0
persistent_informed_buying,211,raw_positive_markout,240,100000,838,2873693000000000000,-1468719876115384226588,-1465846183115384226588,12595649675956495500,664736000000000000,2208957000000000000,394736842105263157,18292682926829268,3,978071990070335126,795833333333333333,2556,981707317073170731,921,,726984857992241410,80253,3,29,0,0,0
persistent_informed_buying,211,dead_band_no_persistence,240,350000,711,2418285000000000000,-1468719876115384226588,-1466301591115384226588,12595649675956495500,598454000000000000,1819831000000000000,263157894736842105,243902439024390243,28,731071576334298717,600000000000000000,3520,756097560975609756,763,,348409816514303707,80253,3,29,0,0,0
persistent_informed_buying,211,thetashield,240,500000,678,2353497000000000000,-1468719876115384226588,-1466366379115384226588,12595649675956495500,567856000000000000,1785641000000000000,118421052631578947,518292682926829268,103,496483243690525444,366666666666666666,2580,481707317073170731,733,,192599867859391259,80253,3,29,0,0,0
persistent_informed_buying,307,fixed_fee,240,0,500,1791000000000000000,-1542416528252347810730,-1540625528252347810730,12952515009525148800,524000000000000000,1267000000000000000,0,1000000000000000000,,0,0,0,0,500,,0,80253,,0,0,0,0
persistent_informed_buying,307,volatility_only,240,200000,852,3074620000000000000,-1542416528252347810730,-1539341908252347810730,12952515009525148800,762793000000000000,2311827000000000000,534246575342465753,47904191616766467,10,962509865824782951,825000000000000000,2558,0,905,,1000000000000000000,80253,3,30,0,0,0
persistent_informed_buying,307,raw_positive_markout,240,100000,828,2980434000000000000,-1542416528252347810730,-1539436094252347810730,12952515009525148800,642776000000000000,2337658000000000000,452054794520547945,53892215568862275,9,956195737963693764,795833333333333333,3378,946107784431137724,920,,646563535159131775,80253,3,29,0,0,0
persistent_informed_buying,307,dead_band_no_persistence,240,350000,788,2831569000000000000,-1542416528252347810730,-1539584959252347810730,12952515009525148800,648076000000000000,2183493000000000000,232876712328767123,239520958083832335,27,768350434096290449,600000000000000000,5028,760479041916167664,862,,309823712141953292,80253,3,29,0,0,0
persistent_informed_buying,307,thetashield,240,500000,809,2883587000000000000,-1542416528252347810730,-1539532941252347810730,12952515009525148800,686452000000000000,2197135000000000000,246575342465753424,341317365269461077,61,645619573796369376,533333333333333333,4950,658682634730538922,875,,430299233792379095,80253,3,29,0,0,0
persistent_informed_buying,401,fixed_fee,240,0,500,1799000000000000000,-1800132614311520963865,-1798333614311520963865,13813327948133278100,450500000000000000,1348500000000000000,0,1000000000000000000,,0,0,0,0,500,,0,80253,,0,0,0,0
persistent_informed_buying,401,volatility_only,240,200000,816,2934515000000000000,-1800132614311520963865,-1797198099311520963865,13813327948133278100,582731000000000000,2351784000000000000,428571428571428571,33898305084745762,10,968112717834631071,825000000000000000,2732,0,872,,1000000000000000000,80253,3,30,0,0,0
persistent_informed_buying,401,raw_positive_markout,240,100000,869,3123636000000000000,-1800132614311520963865,-1797008978311520963865,13813327948133278100,526650000000000000,2596986000000000000,365079365079365079,28248587570621468,8,973674453096032628,812500000000000000,1938,971751412429378531,962,,751295248561931235,80253,3,29,0,0,0
persistent_informed_buying,401,dead_band_no_persistence,240,350000,885,3191134000000000000,-1800132614311520963865,-1796941480311520963865,13813327948133278100,538548000000000000,2652586000000000000,190476190476190476,107344632768361581,26,896180941787170930,708333333333333333,3736,892655367231638418,980,,501452059512486628,80253,3,29,0,0,0
persistent_informed_buying,401,thetashield,240,500000,907,3267049000000000000,-1800132614311520963865,-1796865565311520963865,13813327948133278100,519742000000000000,2747307000000000000,142857142857142857,355932203389830508,78,651093807934742306,512500000000000000,2124,644067796610169491,1011,,343237190200623587,80253,3,29,0,0,0
persistent_informed_buying,503,fixed_fee,240,0,500,1701000000000000000,-1009561284284457480533,-1007860284284457480533,12489863754898636300,490000000000000000,1211000000000000000,0,1000000000000000000,,0,0,0,0,500,,0,80253,,0,0,0,0
persistent_informed_buying,503,volatility_only,240,200000,843,2891067000000000000,-1009561284284457480533,-1006670217284457480533,12489863754898636300,689520000000000000,2201547000000000000,492957746478873239,35502958579881656,9,978530140379851362,825000000000000000,3090,0,904,,1000000000000000000,80253,3,30,0,0,0
persistent_informed_buying,503,raw_positive_markout,240,100000,843,2902249000000000000,-1009561284284457480533,-1006659035284457480533,12489863754898636300,579600000000000000,2322649000000000000,281690140845070422,41420118343195266,11,969859620148637489,758333333333333333,1595,958579881656804733,951,,700963247249765876,80253,3,30,0,0,0
persistent_informed_buying,503,dead_band_no_persistence,240,350000,859,2968760000000000000,-1009561284284457480533,-1006592524284457480533,12489863754898636300,582000000000000000,2386760000000000000,140845070422535211,171597633136094674,40,842691990090834021,625000000000000000,2803,828402366863905325,974,,453867482843222595,80253,3,30,0,0,0
persistent_informed_buying,503,thetashield,240,500000,912,3160764000000000000,-1009561284284457480533,-1006400520284457480533,12489863754898636300,609508000000000000,2551256000000000000,126760563380281690,307692307692307692,66,712221304706853839,525000000000000000,1662,692307692307692307,1042,,375784079420359372,80253,3,30,0,0,0
persistent_informed_selling,101,fixed_fee,240,0,500,1850500000000000000,-928020946798084034472,-926170446798084034472,14011493050114929100,503000000000000000,1347500000000000000,0,1000000000000000000,,0,0,0,0,,500,0,80253,,0,0,0,0
persistent_informed_selling,101,volatility_only,240,200000,818,3030169000000000000,-928020946798084034472,-924990777798084034472,14011493050114929100,685011000000000000,2345158000000000000,476190476190476190,50847457627118644,10,957699443413729128,825000000000000000,2684,0,,867,1000000000000000000,80253,3,30,0,0,0
persistent_informed_selling,101,raw_positive_markout,240,100000,862,3189347000000000000,-928020946798084034472,-924831599798084034472,14011493050114929100,590003000000000000,2599344000000000000,190476190476190476,45197740112994350,9,963265306122448979,754166666666666666,2282,954802259887005649,,960,702661597815241217,80253,3,29,0,0,0
persistent_informed_selling,101,dead_band_no_persistence,240,350000,911,3370084000000000000,-928020946798084034472,-924650862798084034472,14011493050114929100,596917000000000000,2773167000000000000,158730158730158730,129943502824858757,25,884601113172541743,683333333333333333,3250,870056497175141242,,1023,480995583696146874,80253,3,29,0,0,0
persistent_informed_selling,101,thetashield,240,500000,967,3599045000000000000,-928020946798084034472,-924421901798084034472,14011493050114929100,618479000000000000,2980566000000000000,126984126984126984,293785310734463276,58,720222634508348794,554166666666666666,2934,706214689265536723,,1094,496810112885668443,80253,3,29,0,0,0
persistent_informed_selling,211,fixed_fee,240,0,500,1703500000000000000,-665457841053154746697,-663754341053154746697,12426331494263313700,504000000000000000,1199500000000000000,0,1000000000000000000,,0,0,0,0,,500,0,80253,,0,0,0,0
persistent_informed_selling,211,volatility_only,240,200000,862,2942639000000000000,-665457841053154746697,-662515202053154746697,12426331494263313700,740240000000000000,2202399000000000000,547945205479452054,53892215568862275,10,943726552730304293,825000000000000000,2916,0,,918,1000000000000000000,80253,3,30,0,0,0
persistent_informed_selling,211,raw_positive_markout,240,100000,843,2878601000000000000,-665457841053154746697,-662579240053154746697,12426331494263313700,636181000000000000,2242420000000000000,397260273972602739,35928143712574850,6,965819091288036681,791666666666666666,1948,964071856287425149,,935,717329390632370100,80253,3,30,0,0,0
persistent_informed_selling,211,dead_band_no_persistence,240,350000,763,2597467000000000000,-665457841053154746697,-662860374053154746697,12426331494263313700,617976000000000000,1979491000000000000,260273972602739726,215568862275449101,34,784910379324718632,625000000000000000,4784,784431137724550898,,824,360115145146722763,80253,3,30,0,0,0
persistent_informed_selling,211,thetashield,240,500000,802,2759423000000000000,-665457841053154746697,-662698418053154746697,12426331494263313700,620332000000000000,2139091000000000000,219178082191780821,341317365269461077,68,678616090037515631,525000000000000000,3390,658682634730538922,,880,415375253534061527,80253,3,30,0,0,0
persistent_informed_selling,307,fixed_fee,240,0,500,1810500000000000000,-918501767733925328493,-916691267733925328493,13814969678149695400,496500000000000000,1314000000000000000,0,1000000000000000000,,0,0,0,0,,500,0,80253,,0,0,0,0
persistent_informed_selling,307,volatility_only,240,200000,841,3068404000000000000,-918501767733925328493,-915433363733925328493,13814969678149695400,700548000000000000,2367856000000000000,476923076923076923,45714285714285714,10,961948249619482496,825000000000000000,2884,0,,896,1000000000000000000,80253,3,30,0,0,0
persistent_informed_selling,307,raw_positive_markout,240,100000,859,3140024000000000000,-918501767733925328493,-915361743733925328493,13814969678149695400,622453000000000000,2517571000000000000,369230769230769230,11428571428571428,3,992009132420091324,820833333333333333,3202,988571428571428571,,947,717303005592069344,80253,3,29,0,0,0
persistent_informed_selling,307,dead_band_no_persistence,240,350000,815,3004632000000000000,-918501767733925328493,-915497135733925328493,13814969678149695400,614053000000000000,2390579000000000000,215384615384615384,177142857142857142,38,848554033485540334,658333333333333333,4906,822857142857142857,,889,351710665680308329,80253,3,29,0,0,0
persistent_informed_selling,307,thetashield,240,500000,840,3060371000000000000,-918501767733925328493,-915441396733925328493,13814969678149695400,606584000000000000,2453787000000000000,153846153846153846,342857142857142857,72,662861491628614916,520833333333333333,3576,657142857142857142,,925,256338793074187355,80253,3,29,0,0,0
persistent_informed_selling,401,fixed_fee,240,0,500,1801500000000000000,-821623823931582272459,-819822323931582272459,12778864447788643200,574000000000000000,1227500000000000000,0,1000000000000000000,,0,0,0,0,,500,0,80253,,0,0,0,0
persistent_informed_selling,401,volatility_only,240,200000,850,3045367000000000000,-821623823931582272459,-818578456931582272459,12778864447788643200,828955000000000000,2216412000000000000,507042253521126760,41420118343195266,10,949898167006109979,825000000000000000,2602,0,,907,1000000000000000000,80253,3,30,0,0,0
persistent_informed_selling,401,raw_positive_markout,240,100000,838,2986399000000000000,-821623823931582272459,-818637424931582272459,12778864447788643200,734557000000000000,2251842000000000000,563380281690140845,23668639053254437,5,970264765784114052,854166666666666666,2422,976331360946745562,,922,677615676280296168,80253,3,29,0,0,0
persistent_informed_selling,401,dead_band_no_persistence,240,350000,767,2740531000000000000,-821623823931582272459,-818883292931582272459,12778864447788643200,695333000000000000,2045198000000000000,225352112676056338,272189349112426035,31,726272912423625254,579166666666666666,3260,727810650887573964,,834,325450305767251865,80253,3,29,0,0,0
persistent_informed_selling,401,thetashield,240,500000,779,2785195000000000000,-821623823931582272459,-818838628931582272459,12778864447788643200,715367000000000000,2069828000000000000,225352112676056338,408284023668639053,70,589002036659877800,483333333333333333,2838,591715976331360946,,844,204651516201769127,80253,3,29,0,0,0
persistent_informed_selling,503,fixed_fee,240,0,500,1750000000000000000,-846231353392763983788,-844481353392763983788,12766465067664649400,519000000000000000,1231000000000000000,0,1000000000000000000,,0,0,0,0,,500,0,80253,,0,0,0,0
persistent_informed_selling,503,volatility_only,240,200000,857,2975362000000000000,-846231353392763983788,-843255991392763983788,12766465067664649400,718172000000000000,2257190000000000000,514285714285714285,47058823529411764,8,955320877335499593,825000000000000000,3166,0,,917,1000000000000000000,80253,3,30,0,0,0
persistent_informed_selling,503,raw_positive_markout,240,100000,842,2936939000000000000,-846231353392763983788,-843294414392763983788,12766465067664649400,604925000000000000,2332014000000000000,185714285714285714,52941176470588235,9,949228269699431356,725000000000000000,1679,947058823529411764,,946,717328855431243869,80253,3,30,0,0,0
persistent_informed_selling,503,dead_band_no_persistence,240,350000,823,2883962000000000000,-846231353392763983788,-843347391392763983788,12766465067664649400,603955000000000000,2280007000000000000,171428571428571428,141176470588235294,25,867587327376116978,658333333333333333,2267,858823529411764705,,921,453840129501422929,80253,3,30,0,0,0
persistent_informed_selling,503,thetashield,240,500000,858,2987287000000000000,-846231353392763983788,-843244066392763983788,12766465067664649400,604200000000000000,2383087000000000000,128571428571428571,311764705882352941,58,679528838342810722,525000000000000000,1044,688235294117647058,,971,409381450623348624,80253,3,30,0,0,0
alternating_toxicity,101,fixed_fee,240,0,500,1812000000000000000,-11993082621384828386,-10181082621384828386,12625460016254598900,582500000000000000,1229500000000000000,0,1000000000000000000,,0,0,0,0,500,500,0,80253,,0,0,0,0
alternating_toxicity,101,volatility_only,240,200000,875,3198485000000000000,-11993082621384828386,-8794597621384828386,12625460016254598900,905036000000000000,2293449000000000000,594936708860759493,62111801242236024,5,941439609597397315,825000000000000000,2816,0,966,892,1000000000000000000,80253,3,30,0,0,0
alternating_toxicity,101,raw_positive_markout,240,100000,798,2909611000000000000,-11993082621384828386,-9083471621384828386,12625460016254598900,829603000000000000,2080008000000000000,569620253164556962,111801242236024844,8,886132574217161447,783333333333333333,11232,478260869565217391,830,861,617117226616399514,80253,3,29,0,0,0
alternating_toxicity,101,dead_band_no_persistence,240,350000,612,2243289000000000000,-11993082621384828386,-9749793621384828386,12625460016254598900,708373000000000000,1534916000000000000,316455696202531645,583850931677018633,26,428629524196827978,383333333333333333,7940,298136645962732919,636,604,294631879337526411,80253,3,29,0,0,0
alternating_toxicity,101,thetashield,240,500000,500,1812000000000000000,-11993082621384828386,-10181082621384828386,12625460016254598900,582500000000000000,1229500000000000000,0,1000000000000000000,,0,0,0,0,500,500,0,80253,3,29,0,0,0
alternating_toxicity,211,fixed_fee,240,0,500,1924500000000000000,3155676648225554633,5080176648225554633,13502536935025368000,623500000000000000,1301000000000000000,0,1000000000000000000,,0,0,0,0,500,500,0,80253,,0,0,0,0
alternating_toxicity,211,volatility_only,240,200000,864,3313466000000000000,3155676648225554633,6469142648225554633,13502536935025368000,902615000000000000,2410851000000000000,538461538461538461,37037037037037037,4,961568024596464258,825000000000000000,2488,0,922,930,1000000000000000000,80253,3,30,0,0,0
alternating_toxicity,211,raw_positive_markout,240,100000,804,3087747000000000000,3155676648225554633,6243423648225554633,13502536935025368000,861085000000000000,2226662000000000000,512820512820512820,117283950617283950,9,881629515757109915,762500000000000000,7484,524691358024691358,854,854,631518827953717545,80253,3,29,0,0,0
alternating_toxicity,211,dead_band_no_persistence,240,350000,651,2514177000000000000,3155676648225554633,5669853648225554633,13502536935025368000,757867000000000000,1756310000000000000,358974358974358974,506172839506172839,26,493466564181398923,450000000000000000,5956,327160493827160493,647,692,332171723042349567,80253,3,29,0,0,0
alternating_toxicity,211,thetashield,240,500000,554,2135657000000000000,3155676648225554633,5291333648225554633,13502536935025368000,688487000000000000,1447170000000000000,128205128205128205,895061728395061728,143,115295926210607225,112500000000000000,1766,104938271604938271,500,590,162938823970116692,80253,3,29,0,0,0
alternating_toxicity,307,fixed_fee,240,0,500,1891500000000000000,2810030905830380217,4701530905830380217,12421379654213795300,685000000000000000,1206500000000000000,0,1000000000000000000,,0,0,0,0,500,500,0,80253,,0,0,0,0
alternating_toxicity,307,volatility_only,240,200000,886,3336584000000000000,2810030905830380217,6146614905830380217,12421379654213795300,1056132000000000000,2280452000000000000,583333333333333333,44871794871794871,5,948611686697057604,825000000000000000,2256,0,967,931,1000000000000000000,80253,3,30,0,0,0
alternating_toxicity,307,raw_positive_markout,240,100000,785,2978235000000000000,2810030905830380217,5788265905830380217,12421379654213795300,975578000000000000,2002657000000000000,619047619047619047,89743589743589743,7,911728139245752175,808333333333333333,5575,519230769230769230,802,841,653873984878185382,80253,3,30,0,0,0
alternating_toxicity,307,dead_band_no_persistence,240,350000,595,2275649000000000000,2810030905830380217,5085679905830380217,12421379654213795300,792977000000000000,1482672000000000000,273809523809523809,628205128205128205,50,402403646912556983,337500000000000000,3452,301282051282051282,588,621,309732092904165457,80253,3,30,0,0,0
alternating_toxicity,307,thetashield,240,500000,500,1891500000000000000,2810030905830380217,4701530905830380217,12421379654213795300,685000000000000000,1206500000000000000,0,1000000000000000000,,0,0,0,0,500,500,0,80253,3,30,0,0,0
alternating_toxicity,401,fixed_fee,240,0,500,1797000000000000000,7119104226296832874,8916104226296832874,12309563123095630000,593000000000000000,1204000000000000000,0,1000000000000000000,,0,0,0,0,500,500,0,80253,,0,0,0,0
alternating_toxicity,401,volatility_only,240,200000,870,3138801000000000000,7119104226296832874,10257905226296832874,12309563123095630000,903113000000000000,2235688000000000000,582278481012658227,55900621118012422,5,955149501661129568,825000000000000000,2240,0,959,892,1000000000000000000,80253,3,30,0,0,0
alternating_toxicity,401,raw_positive_markout,240,100000,798,2897033000000000000,7119104226296832874,10016137226296832874,12309563123095630000,876230000000000000,2020803000000000000,569620253164556962,43478260869565217,1,968438538205980066,829166666666666666,7196,472049689440993788,847,812,646352402170384545,80253,3,30,0,0,0
alternating_toxicity,401,dead_band_no_persistence,240,350000,607,2194895000000000000,7119104226296832874,9313999226296832874,12309563123095630000,712041000000000000,1482854000000000000,341772151898734177,645962732919254658,29,384966777408637873,350000000000000000,5232,316770186335403726,632,583,285452037840236040,80253,3,30,0,0,0
alternating_toxicity,401,thetashield,240,500000,500,1797000000000000000,7119104226296832874,8916104226296832874,12309563123095630000,593000000000000000,1204000000000000000,0,1000000000000000000,,0,0,490,0,500,500,0,80253,3,30,0,0,0
alternating_toxicity,503,fixed_fee,240,0,500,1728000000000000000,-20574248074808057179,-18846248074808057179,12407949324079492000,549000000000000000,1179000000000000000,0,1000000000000000000,,0,0,0,0,500,500,0,80253,,0,0,0,0
alternating_toxicity,503,volatility_only,240,200000,861,2963741000000000000,-20574248074808057179,-17610507074808057179,12407949324079492000,799837000000000000,2163904000000000000,533333333333333333,42424242424242424,4,948685326547921967,825000000000000000,2724,0,906,928,1000000000000000000,80253,3,30,0,0,0
alternating_toxicity,503,raw_positive_markout,240,100000,815,2796804000000000000,-20574248074808057179,-17777444074808057179,12407949324079492000,763493000000000000,2033311000000000000,506666666666666666,115151515151515151,8,871501272264631043,766666666666666666,7206,369696969696969696,852,885,672404384943151456,80253,3,29,0,0,0
alternating_toxicity,503,dead_band_no_persistence,240,350000,651,2238698000000000000,-20574248074808057179,-18335550074808057179,12407949324079492000,639993000000000000,1598705000000000000,266666666666666666,448484848484848484,30,551314673452078032,462500000000000000,6492,339393939393939393,696,673,282956906765346233,80253,3,29,0,0,0
alternating_toxicity,503,thetashield,240,500000,523,1822594000000000000,-20574248074808057179,-18751654074808057179,12407949324079492000,569702000000000000,1252892000000000000,40000000000000000,945454545454545454,178,65733672603901611,50000000000000000,1926,54545454545454545,532,521,99613250477564510,80253,3,29,0,0,0
high_volatility_uninformed,101,fixed_fee,240,0,500,1835500000000000000,-8713430896764842140,-6877930896764842140,3541269135412691000,1835500000000000000,0,0,,,,0,0,,,,0,80253,,0,0,0,0
high_volatility_uninformed,101,volatility_only,240,200000,919,3364633000000000000,-8713430896764842140,-5348797896764842140,3541269135412691000,3364633000000000000,0,825000000000000000,,,,825000000000000000,2296,,,,1000000000000000000,80253,3,30,0,0,0
high_volatility_uninformed,101,raw_positive_markout,240,100000,517,1902057000000000000,-8713430896764842140,-6811373896764842140,3541269135412691000,1902057000000000000,0,337500000000000000,,,,337500000000000000,1086,,,,-110670993714261520,80253,3,29,0,0,0
high_volatility_uninformed,101,dead_band_no_persistence,240,350000,500,1835500000000000000,-8713430896764842140,-6877930896764842140,3541269135412691000,1835500000000000000,0,0,,,,0,0,,,,0,80253,3,29,0,0,0
high_volatility_uninformed,101,thetashield,240,500000,500,1835500000000000000,-8713430896764842140,-6877930896764842140,3541269135412691000,1835500000000000000,0,0,,,,0,0,,,,0,80253,3,29,0,0,0
high_volatility_uninformed,211,fixed_fee,240,0,500,1715000000000000000,3123310221706952876,4838310221706952876,3316305263163052300,1715000000000000000,0,0,,,,0,0,,,,0,80253,,0,0,0,0
high_volatility_uninformed,211,volatility_only,240,200000,906,3109485000000000000,3123310221706952876,6232795221706952876,3316305263163052300,3109485000000000000,0,825000000000000000,,,,825000000000000000,2204,,,,1000000000000000000,80253,3,30,0,0,0
high_volatility_uninformed,211,raw_positive_markout,240,100000,520,1781340000000000000,3123310221706952876,4904650221706952876,3316305263163052300,1781340000000000000,0,345833333333333333,,,,345833333333333333,1696,,,,-89192166578409864,80253,3,29,0,0,0
high_volatility_uninformed,211,dead_band_no_persistence,240,350000,500,1715000000000000000,3123310221706952876,4838310221706952876,3316305263163052300,1715000000000000000,0,0,,,,0,0,,,,0,80253,3,29,0,0,0
high_volatility_uninformed,211,thetashield,240,500000,500,1715000000000000000,3123310221706952876,4838310221706952876,3316305263163052300,1715000000000000000,0,0,,,,0,0,,,,0,80253,3,29,0,0,0
high_volatility_uninformed,307,fixed_fee,240,0,500,1799500000000000000,-993423513002069406,806076486997930594,3822528428225283900,1799500000000000000,0,0,,,,0,0,,,,0,80253,,0,0,0,0
high_volatility_uninformed,307,volatility_only,240,200000,897,3252673000000000000,-993423513002069406,2259249486997930594,3822528428225283900,3252673000000000000,0,825000000000000000,,,,825000000000000000,2314,,,,1000000000000000000,80253,3,30,0,0,0
high_volatility_uninformed,307,raw_positive_markout,240,100000,538,1949357000000000000,-993423513002069406,955933486997930594,3822528428225283900,1949357000000000000,0,416666666666666666,,,,416666666666666666,3010,,,,151879361650927061,80253,3,29,0,0,0
high_volatility_uninformed,307,dead_band_no_persistence,240,350000,500,1799500000000000000,-993423513002069406,806076486997930594,3822528428225283900,1799500000000000000,0,0,,,,0,0,,,,0,80253,3,29,0,0,0
high_volatility_uninformed,307,thetashield,240,500000,500,1799500000000000000,-993423513002069406,806076486997930594,3822528428225283900,1799500000000000000,0,0,,,,0,0,,,,0,80253,3,29,0,0,0
high_volatility_uninformed,401,fixed_fee,240,0,500,1851500000000000000,1292352978858659902,3143852978858659902,3691556836915568000,1851500000000000000,0,0,,,,0,0,,,,0,80253,,0,0,0,0
high_volatility_uninformed,401,volatility_only,240,200000,913,3380747000000000000,1292352978858659902,4673099978858659902,3691556836915568000,3380747000000000000,0,825000000000000000,,,,825000000000000000,2202,,,,1000000000000000000,80253,3,30,0,0,0
high_volatility_uninformed,401,raw_positive_markout,240,100000,518,1924099000000000000,1292352978858659902,3216451978858659902,3691556836915568000,1924099000000000000,0,345833333333333333,,,,345833333333333333,852,,,,218243522798607544,80253,3,29,0,0,0
high_volatility_uninformed,401,dead_band_no_persistence,240,350000,500,1851500000000000000,1292352978858659902,3143852978858659902,3691556836915568000,1851500000000000000,0,0,,,,0,0,,,,0,80253,3,29,0,0,0
high_volatility_uninformed,401,thetashield,240,500000,500,1851500000000000000,1292352978858659902,3143852978858659902,3691556836915568000,1851500000000000000,0,0,,,,0,0,,,,0,80253,3,29,0,0,0
high_volatility_uninformed,503,fixed_fee,240,0,500,1873500000000000000,-9907356168764416295,-8033856168764416295,3431643704316436700,1873500000000000000,0,0,,,,0,0,,,,0,80253,,0,0,0,0
high_volatility_uninformed,503,volatility_only,240,200000,936,3492317000000000000,-9907356168764416295,-6415039168764416295,3431643704316436700,3492317000000000000,0,825000000000000000,,,,825000000000000000,2096,,,,1000000000000000000,80253,3,30,0,0,0
high_volatility_uninformed,503,raw_positive_markout,240,100000,515,1930956000000000000,-9907356168764416295,-7976400168764416295,3431643704316436700,1930956000000000000,0,254166666666666666,,,,254166666666666666,1248,,,,12920115359695232,80253,3,29,0,0,0
high_volatility_uninformed,503,dead_band_no_persistence,240,350000,500,1873500000000000000,-9907356168764416295,-8033856168764416295,3431643704316436700,1873500000000000000,0,0,,,,0,0,,,,0,80253,3,29,0,0,0
high_volatility_uninformed,503,thetashield,240,500000,500,1873500000000000000,-9907356168764416295,-8033856168764416295,3431643704316436700,1873500000000000000,0,0,,,,0,0,,,,0,80253,3,29,0,0,0
toxic_volatility_burst,101,fixed_fee,240,0,500,1896500000000000000,-61571617373927859796,-59675117373927859796,5068252440682523900,1528500000000000000,368000000000000000,0,1000000000000000000,,0,0,0,0,500,,0,80253,,0,0,0,0
toxic_volatility_burst,101,volatility_only,240,200000,710,2643791000000000000,-61571617373927859796,-58927826373927859796,5068252440682523900,1931675000000000000,712116000000000000,771739130434782608,0,0,1000000000000000000,825000000000000000,4948,0,951,,1000000000000000000,80253,3,30,0,0,0
toxic_volatility_burst,101,raw_positive_markout,240,100000,645,2385500000000000000,-61571617373927859796,-59186117373927859796,5068252440682523900,1630198000000000000,755302000000000000,293478260869565217,160714285714285714,9,841032608695652173,420833333333333333,2016,839285714285714285,1018,,658775671287144965,80253,3,29,0,0,0
toxic_volatility_burst,101,dead_band_no_persistence,240,350000,640,2374578000000000000,-61571617373927859796,-59197039373927859796,5068252440682523900,1717631000000000000,656947000000000000,81521739130434782,303571428571428571,9,701086956521739130,225000000000000000,4624,696428571428571428,898,,385624931339373183,80253,3,29,0,0,0
toxic_volatility_burst,101,thetashield,240,500000,553,2097091000000000000,-61571617373927859796,-59474526373927859796,5068252440682523900,1675541000000000000,421550000000000000,81521739130434782,875000000000000000,49,122282608695652173,91666666666666666,2188,125000000000000000,574,,-8582729764754329,80253,3,29,0,0,0
toxic_volatility_burst,211,fixed_fee,240,0,500,1782500000000000000,-214061397937394704761,-212278897937394704761,5238413042384129900,1377000000000000000,405500000000000000,0,1000000000000000000,,0,0,0,0,500,,0,80253,,0,0,0,0
toxic_volatility_burst,211,volatility_only,240,200000,707,2476603000000000000,-214061397937394704761,-211584794937394704761,5238413042384129900,1730457000000000000,746146000000000000,771739130434782608,0,0,1000000000000000000,825000000000000000,4880,0,943,,1000000000000000000,80253,3,30,0,0,0
toxic_volatility_burst,211,raw_positive_markout,240,100000,637,2265645000000000000,-214061397937394704761,-211795752937394704761,5238413042384129900,1453584000000000000,812061000000000000,184782608695652173,71428571428571428,4,905055487053020961,358333333333333333,1745,928571428571428571,1008,,696503224970780267,80253,3,30,0,0,0
toxic_volatility_burst,211,dead_band_no_persistence,240,350000,602,2159602000000000000,-214061397937394704761,-211901795937394704761,5238413042384129900,1448180000000000000,711422000000000000,59782608695652173,357142857142857142,12,647348951911220715,195833333333333333,3042,642857142857142857,866,,430821908540612726,80253,3,30,0,0,0
toxic_volatility_burst,211,thetashield,240,500000,500,1782500000000000000,-214061397937394704761,-212278897937394704761,5238413042384129900,1377000000000000000,405500000000000000,0,1000000000000000000,,0,0,0,0,500,,0,80253,3,30,0,0,0
toxic_volatility_burst,307,fixed_fee,240,0,500,1756500000000000000,-95134806004831224200,-93378306004831224200,5696773666967736100,1320000000000000000,436500000000000000,0,1000000000000000000,,0,0,0,0,500,,0,80253,,0,0,0,0
toxic_volatility_burst,307,volatility_only,240,200000,708,2510760000000000000,-95134806004831224200,-92624046004831224200,5696773666967736100,1693476000000000000,817284000000000000,771739130434782608,0,0,1000000000000000000,825000000000000000,4818,0,950,,1000000000000000000,80253,3,30,0,0,0
toxic_volatility_burst,307,raw_positive_markout,240,100000,645,2294571000000000000,-95134806004831224200,-92840235004831224200,5696773666967736100,1411705000000000000,882866000000000000,217391304347826086,17857142857142857,1,971363115693012600,395833333333333333,1948,982142857142857142,1007,,693384929478462089,80253,3,29,0,0,0
toxic_volatility_burst,307,dead_band_no_persistence,240,350000,629,2254504000000000000,-95134806004831224200,-92880302004831224200,5696773666967736100,1500846000000000000,753658000000000000,97826086956521739,482142857142857142,11,550973654066437571,195833333333333333,4252,517857142857142857,828,,418197603312148490,80253,3,29,0,0,0
toxic_volatility_burst,307,thetashield,240,500000,557,1958636000000000000,-95134806004831224200,-93176170004831224200,5696773666967736100,1472372000000000000,486264000000000000,97826086956521739,910714285714285714,51,89347079037800687,95833333333333333,2224,89285714285714285,556,,92873847495239427,80253,3,29,0,0,0
toxic_volatility_burst,401,fixed_fee,240,0,500,1771500000000000000,-97056742210835099892,-95285242210835099892,5345402923454028700,1370000000000000000,401500000000000000,0,1000000000000000000,,0,0,0,0,500,,0,80253,,0,0,0,0
toxic_volatility_burst,401,volatility_only,240,200000,715,2503408000000000000,-97056742210835099892,-94553334210835099892,5345402923454028700,1742802000000000000,760606000000000000,771739130434782608,0,0,1000000000000000000,825000000000000000,4962,0,963,,1000000000000000000,80253,3,30,0,0,0
toxic_volatility_burst,401,raw_positive_markout,240,100000,639,2242934000000000000,-97056742210835099892,-94813808210835099892,5345402923454028700,1445429000000000000,797505000000000000,413043478260869565,160714285714285714,9,803237858032378580,512500000000000000,2872,839285714285714285,1017,,724425229964163227,80253,3,29,0,0,0
toxic_volatility_burst,401,dead_band_no_persistence,240,350000,618,2178446000000000000,-97056742210835099892,-94878296210835099892,5345402923454028700,1503911000000000000,674535000000000000,76086956521739130,303571428571428571,9,656288916562889165,220833333333333333,5232,696428571428571428,860,,495797314791685295,80253,3,29,0,0,0
toxic_volatility_burst,401,thetashield,240,500000,543,1932531000000000000,-97056742210835099892,-95124211210835099892,5345402923454028700,1475582000000000000,456949000000000000,76086956521739130,875000000000000000,49,125778331257783312,87500000000000000,2856,125000000000000000,568,,120110680205862289,80253,3,29,0,0,0
toxic_volatility_burst,503,fixed_fee,240,0,500,1740500000000000000,-77615113286549489061,-75874613286549489061,5542097655420976000,1345500000000000000,395000000000000000,0,1000000000000000000,,0,0,0,0,500,,0,80253,,0,0,0,0
toxic_volatility_burst,503,volatility_only,240,200000,707,2447835000000000000,-77615113286549489061,-75167278286549489061,5542097655420976000,1694126000000000000,753709000000000000,771739130434782608,0,0,1000000000000000000,825000000000000000,4952,0,959,,1000000000000000000,80253,3,30,0,0,0
toxic_volatility_burst,503,raw_positive_markout,240,100000,646,2230905000000000000,-77615113286549489061,-75384208286549489061,5542097655420976000,1414561000000000000,816344000000000000,434782608695652173,0,0,1000000000000000000,566666666666666666,2018,1000000000000000000,1038,,757497041034034949,80253,3,29,0,0,0
toxic_volatility_burst,503,dead_band_no_persistence,240,350000,606,2100371000000000000,-77615113286549489061,-75514742286549489061,5542097655420976000,1415925000000000000,684446000000000000,59782608695652173,357142857142857142,12,634177215189873417,195833333333333333,3300,642857142857142857,868,,514682990365291268,80253,3,29,0,0,0
toxic_volatility_burst,503,thetashield,240,500000,553,1917307000000000000,-77615113286549489061,-75697806286549489061,5542097655420976000,1390115000000000000,527192000000000000,59782608695652173,642857142857142857,36,337974683544303797,129166666666666666,1374,357142857142857142,675,,123337595381461149,80253,3,29,0,0,0
neutral_inside_attack,101,fixed_fee,240,0,500,1849000000000000000,-813213088993392503193,-811364088993392503193,10697046396970462900,801500000000000000,1047500000000000000,0,1000000000000000000,,0,0,0,0,500,,0,80253,,0,0,0,0
neutral_inside_attack,101,volatility_only,240,200000,807,2992505000000000000,-813213088993392503193,-810220583993392503193,10697046396970462900,1137254000000000000,1855251000000000000,596153846153846153,0,0,1000000000000000000,825000000000000000,3912,0,884,,1000000000000000000,80253,3,30,0,0,0
neutral_inside_attack,101,raw_positive_markout,240,100000,778,2873622000000000000,-813213088993392503193,-810339466993392503193,10697046396970462900,925984000000000000,1947638000000000000,201923076923076923,51470588235294117,8,949403341288782816,625000000000000000,2826,948529411764705882,931,,560230560908942044,80253,3,29,0,0,0
neutral_inside_attack,101,dead_band_no_persistence,240,350000,750,2768690000000000000,-813213088993392503193,-810444398993392503193,10697046396970462900,926183000000000000,1842507000000000000,182692307692307692,220588235294117647,33,777088305489260143,520833333333333333,3286,779411764705882352,881,,277168435035677225,80253,3,29,0,0,0
neutral_inside_attack,101,thetashield,240,500000,758,2798062000000000000,-813213088993392503193,-810415026993392503193,10697046396970462900,948742000000000000,1849320000000000000,173076923076923076,389705882352941176,58,616706443914081145,420833333333333333,3042,610294117647058823,883,,278089872872644195,80253,3,29,0,0,0
neutral_inside_attack,211,fixed_fee,240,0,500,1764000000000000000,-904466344180943401363,-902702344180943401363,10667647436676473300,736000000000000000,1028000000000000000,0,1000000000000000000,,0,0,0,0,500,,0,80253,,0,0,0,0
neutral_inside_attack,211,volatility_only,240,200000,809,2839434000000000000,-904466344180943401363,-901626910180943401363,10667647436676473300,1050118000000000000,1789316000000000000,584158415841584158,0,0,1000000000000000000,825000000000000000,4292,0,874,,1000000000000000000,80253,3,30,0,0,0
neutral_inside_attack,211,raw_positive_markout,240,100000,800,2813228000000000000,-904466344180943401363,-901653116180943401363,10667647436676473300,856271000000000000,1956957000000000000,297029702970297029,64748201438848920,9,937743190661478599,666666666666666666,1842,935251798561151079,947,,563215017420549877,80253,3,29,0,0,0
neutral_inside_attack,211,dead_band_no_persistence,240,350000,799,2809634000000000000,-904466344180943401363,-901656710180943401363,10667647436676473300,907303000000000000,1902331000000000000,227722772277227722,107913669064748201,18,887159533073929961,612500000000000000,3264,892086330935251798,924,,285919765203347970,80253,3,29,0,0,0
neutral_inside_attack,211,thetashield,240,500000,793,2791302000000000000,-904466344180943401363,-901675042180943401363,10667647436676473300,948311000000000000,1842991000000000000,207920792079207920,381294964028776978,60,617704280155642023,445833333333333333,3028,618705035971223021,895,,169924919777629726,80253,3,29,0,0,0
neutral_inside_attack,307,fixed_fee,240,0,500,1709000000000000000,-956495464293487159641,-954786464293487159641,10141396481413963800,725000000000000000,984000000000000000,0,1000000000000000000,,0,0,0,0,500,,0,80253,,0,0,0,0
neutral_inside_attack,307,volatility_only,240,200000,809,2766413000000000000,-956495464293487159641,-953729051293487159641,10141396481413963800,1052068000000000000,1714345000000000000,588235294117647058,0,0,1000000000000000000,825000000000000000,4184,0,868,,1000000000000000000,80253,3,30,0,0,0
neutral_inside_attack,307,raw_positive_markout,240,100000,787,2694250000000000000,-956495464293487159641,-953801214293487159641,10141396481413963800,827805000000000000,1866445000000000000,313725490196078431,43478260869565217,6,950203252032520325,683333333333333333,2709,956521739130434782,947,,490561081351437115,80253,3,30,0,0,0
neutral_inside_attack,307,dead_band_no_persistence,240,350000,804,2737426000000000000,-956495464293487159641,-953758038293487159641,10141396481413963800,861821000000000000,1875605000000000000,225490196078431372,152173913043478260,14,839430894308943089,583333333333333333,4962,847826086956521739,958,,298599090382999133,80253,3,30,0,0,0
neutral_inside_attack,307,thetashield,240,500000,792,2694494000000000000,-956495464293487159641,-953800970293487159641,10141396481413963800,939637000000000000,1754857000000000000,225490196078431372,442028985507246376,58,538109756097560975,416666666666666666,4730,557971014492753623,901,,281208010944239295,80253,3,30,0,0,0
neutral_inside_attack,401,fixed_fee,240,0,500,1774500000000000000,-777387938336097426006,-775613438336097426006,9721940627219405300,841500000000000000,933000000000000000,0,1000000000000000000,,0,0,0,0,500,,0,80253,,0,0,0,0
neutral_inside_attack,401,volatility_only,240,200000,825,2923008000000000000,-777387938336097426006,-774464930336097426006,9721940627219405300,1256106000000000000,1666902000000000000,600000000000000000,0,0,1000000000000000000,825000000000000000,3610,0,896,,1000000000000000000,80253,3,30,0,0,0
neutral_inside_attack,401,raw_positive_markout,240,100000,782,2731781000000000000,-777387938336097426006,-774656157336097426006,9721940627219405300,1007139000000000000,1724642000000000000,380952380952380952,59259259259259259,0,939442658092175777,695833333333333333,2160,940740740740740740,922,,616602941817684284,80253,3,29,0,0,0
neutral_inside_attack,401,dead_band_no_persistence,240,350000,735,2580702000000000000,-777387938336097426006,-774807236336097426006,9721940627219405300,969188000000000000,1611514000000000000,238095238095238095,192592592592592592,18,806002143622722400,558333333333333333,3848,807407407407407407,855,,362409842016939671,80253,3,29,0,0,0
neutral_inside_attack,401,thetashield,240,500000,720,2541250000000000000,-777387938336097426006,-774846688336097426006,9721940627219405300,1007400000000000000,1533850000000000000,219047619047619047,474074074074074074,60,542872454448017148,391666666666666666,3072,525925925925925925,810,,346259609279905534,80253,3,29,0,0,0
neutral_inside_attack,503,fixed_fee,240,0,500,1823000000000000000,-935209464150904695539,-933386464150904695539,10830029338300292300,802500000000000000,1020500000000000000,0,1000000000000000000,,0,0,0,0,500,,0,80253,,0,0,0,0
neutral_inside_attack,503,volatility_only,240,200000,820,2980392000000000000,-935209464150904695539,-932229072150904695539,10830029338300292300,1150996000000000000,1829396000000000000,592233009708737864,0,0,1000000000000000000,825000000000000000,4114,0,894,,1000000000000000000,80253,3,30,0,0,0
neutral_inside_attack,503,raw_positive_markout,240,100000,794,2882654000000000000,-935209464150904695539,-932326810150904695539,10830029338300292300,967962000000000000,1914692000000000000,271844660194174757,29197080291970802,4,963743263106320431,670833333333333333,2892,970802919708029197,941,,562464380789550276,80253,3,29,0,0,0
neutral_inside_attack,503,dead_band_no_persistence,240,350000,756,2723703000000000000,-935209464150904695539,-932485761150904695539,10830029338300292300,947159000000000000,1776544000000000000,233009708737864077,197080291970802919,20,793728564429201371,558333333333333333,3368,802919708029197080,880,,301765740086909962,80253,3,29,0,0,0
neutral_inside_attack,503,thetashield,240,500000,746,2684959000000000000,-935209464150904695539,-932524505150904695539,10830029338300292300,997695000000000000,1687264000000000000,223300970873786407,423357664233576642,53,558549730524252817,425000000000000000,3596,576642335766423357,844,,270611698935456552,80253,3,29,0,0,0
microtrade_spam,101,fixed_fee,240,0,500,413805000000000000,-128919845423495859262,-128506040423495859262,4253198705131986626,29305000000000000,384500000000000000,0,1000000000000000000,,0,0,0,0,500,,0,80253,,0,0,0,0
microtrade_spam,101,volatility_only,240,200000,871,741179020000000000,-128919845423495859262,-128178666403495859262,4253198705131986626,31383020000000000,709796000000000000,794736842105263157,60000000000000000,9,945383615084525357,825000000000000000,2282,0,919,,1000000000000000000,80253,3,30,0,0,0
microtrade_spam,101,raw_positive_markout,240,100000,801,805213900000000000,-128919845423495859262,-128114631523495859262,4253198705131986626,34792900000000000,770421000000000000,484210526315789473,40000000000000000,0,980494148244473342,583333333333333333,5950,960000000000000000,989,,322087128171538115,80253,3,29,0,0,0
microtrade_spam,101,dead_band_no_persistence,240,350000,509,417280100000000000,-128919845423495859262,-128502565323495859262,4253198705131986626,29370100000000000,387910000000000000,31578947368421052,980000000000000000,160,14304291287386215,29166666666666666,620,20000000000000000,506,,79458549146255820,80253,3,29,0,0,0
microtrade_spam,101,thetashield,240,500000,500,413805000000000000,-128919845423495859262,-128506040423495859262,4253198705131986626,29305000000000000,384500000000000000,0,1000000000000000000,,0,0,0,0,500,,0,80253,3,29,0,0,0
microtrade_spam,211,fixed_fee,240,0,500,424655000000000000,-144252391673995252421,-143827736673995252421,4228086216980861747,63155000000000000,361500000000000000,0,1000000000000000000,,0,0,0,0,500,,0,80253,,0,0,0,0
microtrade_spam,211,volatility_only,240,200000,860,722781860000000000,-144252391673995252421,-143529609813995252421,4228086216980861747,65059860000000000,657722000000000000,795811518324607329,61224489795918367,9,952973720608575380,825000000000000000,2474,0,904,,1000000000000000000,80253,3,30,0,0,0
microtrade_spam,211,raw_positive_markout,240,100000,761,803642550000000000,-144252391673995252421,-143448749123995252421,4228086216980861747,92448550000000000,711194000000000000,408376963350785340,40816326530612244,0,957123098201936376,520833333333333333,6610,959183673469387755,982,,200714041246058434,80253,3,29,0,0,0
microtrade_spam,211,dead_band_no_persistence,240,350000,518,444693480000000000,-144252391673995252421,-143807698193995252421,4228086216980861747,63241480000000000,381452000000000000,52356020942408376,877551020408163265,70,99585062240663900,66666666666666666,1092,122448979591836734,533,,187187042227261292,80253,3,29,0,0,0
microtrade_spam,211,thetashield,240,500000,500,424655000000000000,-144252391673995252421,-143827736673995252421,4228086216980861747,63155000000000000,361500000000000000,0,1000000000000000000,,0,0,0,0,500,,0,80253,3,29,0,0,0
microtrade_spam,307,fixed_fee,240,0,500,410230000000000000,-131061391051462302972,-130651161051462302972,4101328881313288403,79730000000000000,330500000000000000,0,1000000000000000000,,0,0,0,0,500,,0,80253,,0,0,0,0
microtrade_spam,307,volatility_only,240,200000,857,683054660000000000,-131061391051462302972,-130378336391462302972,4101328881313288403,81760660000000000,601294000000000000,798969072164948453,65217391304347826,10,962178517397881996,825000000000000000,2588,0,898,,1000000000000000000,80253,3,30,0,0,0
microtrade_spam,307,raw_positive_markout,240,100000,772,790311700000000000,-131061391051462302972,-130271079351462302972,4101328881313288403,152036700000000000,638275000000000000,448453608247422680,43478260869565217,0,934947049924357034,545833333333333333,7824,956521739130434782,975,,88566610246515883,80253,3,29,0,0,0
microtrade_spam,307,dead_band_no_persistence,240,350000,509,420565160000000000,-131061391051462302972,-130640825891462302972,4101328881313288403,79773160000000000,340792000000000000,25773195876288659,956521739130434782,116,46898638426626323,29166666666666666,1328,43478260869565217,514,,138382422506941074,80253,3,29,0,0,0
microtrade_spam,307,thetashield,240,500000,500,410230000000000000,-131061391051462302972,-130651161051462302972,4101328881313288403,79730000000000000,330500000000000000,0,1000000000000000000,,0,0,0,0,500,,0,80253,3,29,0,0,0
microtrade_spam,401,fixed_fee,240,0,500,393790000000000000,-123496844655066476748,-123103054655066476748,4098834125988340850,40790000000000000,353000000000000000,0,1000000000000000000,,0,0,0,0,500,,0,80253,,0,0,0,0
microtrade_spam,401,volatility_only,240,200000,865,702306320000000000,-123496844655066476748,-122794538335066476748,4098834125988340850,42825320000000000,659481000000000000,784210526315789473,20000000000000000,4,974504249291784702,825000000000000000,2524,0,933,,1000000000000000000,80253,3,30,0,0,0
microtrade_spam,401,raw_positive_markout,240,100000,805,763161160000000000,-123496844655066476748,-122733683495066476748,4098834125988340850,54433160000000000,708728000000000000,478947368421052631,20000000000000000,0,967422096317280453,583333333333333333,8148,980000000000000000,1012,,126584280641340236,80253,3,29,0,0,0
microtrade_spam,401,dead_band_no_persistence,240,350000,516,422721160000000000,-123496844655066476748,-123074123495066476748,4098834125988340850,40861160000000000,381860000000000000,47368421052631578,880000000000000000,81,130311614730878186,62500000000000000,1124,120000000000000000,535,,182699962476255887,80253,3,29,0,0,0
microtrade_spam,401,thetashield,240,500000,500,393790000000000000,-123496844655066476748,-123103054655066476748,4098834125988340850,40790000000000000,353000000000000000,0,1000000000000000000,,0,0,0,0,500,,0,80253,3,29,0,0,0
microtrade_spam,503,fixed_fee,240,0,500,378215000000000000,-125294683825491531569,-124916468825491531569,3950227004702269652,60215000000000000,318000000000000000,0,1000000000000000000,,0,0,0,0,500,,0,80253,,0,0,0,0
microtrade_spam,503,volatility_only,240,200000,859,647818600000000000,-125294683825491531569,-124646865225491531569,3950227004702269652,62130600000000000,585688000000000000,790816326530612244,22727272727272727,5,979559748427672955,825000000000000000,2640,0,923,,1000000000000000000,80253,3,30,0,0,0
microtrade_spam,503,raw_positive_markout,240,100000,749,701428750000000000,-125294683825491531569,-124593255075491531569,3950227004702269652,85616750000000000,615812000000000000,413265306122448979,68181818181818181,0,968553459119496855,508333333333333333,9490,931818181818181818,954,,136343321519242265,80253,3,29,0,0,0
microtrade_spam,503,dead_band_no_persistence,240,350000,513,389570380000000000,-125294683825491531569,-124905113445491531569,3950227004702269652,60284380000000000,329286000000000000,30612244897959183,954545454545454545,128,42452830188679245,33333333333333333,1560,45454545454545454,519,,85903631202792492,80253,3,29,0,0,0
microtrade_spam,503,thetashield,240,500000,500,378215000000000000,-125294683825491531569,-124916468825491531569,3950227004702269652,60215000000000000,318000000000000000,0,1000000000000000000,,0,0,0,0,500,,0,80253,3,29,0,0,0
oversized_observation,101,fixed_fee,240,0,500,2937000000000000000,-795009811755054463576,-792072811755054463576,28178928712649406300,1264000000000000000,1673000000000000000,0,1000000000000000000,,0,0,0,0,,500,0,80253,,0,0,0,0
oversized_observation,101,volatility_only,240,200000,897,5557654000000000000,-795009811755054463576,-789452157755054463576,28178928712649406300,2115845000000000000,3441809000000000000,730769230769230769,0,0,1000000000000000000,825000000000000000,1828,0,,1007,1000000000000000000,80253,3,30,0,0,0
oversized_observation,101,raw_positive_markout,240,100000,673,4504539000000000000,-795009811755054463576,-790505272755054463576,28178928712649406300,1580113000000000000,2924426000000000000,461538461538461538,47619047619047619,12,984160191273161984,633333333333333333,4518,952380952380952380,,781,536536387569462861,80253,3,29,0,0,0
oversized_observation,101,dead_band_no_persistence,240,350000,529,3524454000000000000,-795009811755054463576,-791485357755054463576,28178928712649406300,1327531000000000000,2196923000000000000,96153846153846153,797619047619047619,61,673939031679617453,133333333333333333,1316,202380952380952380,,542,271379827934255548,80253,3,29,0,0,0
oversized_observation,101,thetashield,240,500000,500,2937000000000000000,-795009811755054463576,-792072811755054463576,28178928712649406300,1264000000000000000,1673000000000000000,0,1000000000000000000,,0,0,0,0,,500,0,80253,3,29,0,0,0
oversized_observation,211,fixed_fee,240,0,500,2736500000000000000,-707617577083023720278,-704881077083023720278,24053992080675738700,1150000000000000000,1586500000000000000,0,1000000000000000000,,0,0,0,0,,500,0,80253,,0,0,0,0
oversized_observation,211,volatility_only,240,200000,885,4951262000000000000,-707617577083023720278,-702666315083023720278,24053992080675738700,1883190000000000000,3068072000000000000,735849056603773584,0,0,1000000000000000000,825000000000000000,2014,0,,987,1000000000000000000,80253,3,30,0,0,0
oversized_observation,211,raw_positive_markout,240,100000,672,4100480000000000000,-707617577083023720278,-703517097083023720278,24053992080675738700,1405128000000000000,2695352000000000000,433962264150943396,24691358024691358,3,995902930980144973,616666666666666666,3986,975308641975308641,,789,581676733642028480,80253,3,29,0,0,0
oversized_observation,211,dead_band_no_persistence,240,350000,500,2736500000000000000,-707617577083023720278,-704881077083023720278,24053992080675738700,1150000000000000000,1586500000000000000,0,1000000000000000000,,0,0,0,0,,500,0,80253,3,29,0,0,0
oversized_observation,211,thetashield,240,500000,500,2736500000000000000,-707617577083023720278,-704881077083023720278,24053992080675738700,1150000000000000000,1586500000000000000,0,1000000000000000000,,0,0,0,0,,500,0,80253,3,29,0,0,0
oversized_observation,307,fixed_fee,240,0,500,2780500000000000000,-710029040121309983776,-707248540121309983776,25605999687717426500,1151500000000000000,1629000000000000000,0,1000000000000000000,,0,0,0,0,,500,0,80253,,0,0,0,0
oversized_observation,307,volatility_only,240,200000,890,5301185000000000000,-710029040121309983776,-704727855121309983776,25605999687717426500,1909968000000000000,3391217000000000000,730769230769230769,0,0,1000000000000000000,825000000000000000,1736,0,,1000,1000000000000000000,80253,3,30,0,0,0
oversized_observation,307,raw_positive_markout,240,100000,676,4144507000000000000,-710029040121309983776,-705884533121309983776,25605999687717426500,1349214000000000000,2795293000000000000,346153846153846153,71428571428571428,12,966850828729281767,550000000000000000,5148,928571428571428571,,831,543742747770281046,80253,3,29,0,0,0
oversized_observation,307,dead_band_no_persistence,240,350000,547,2941105000000000000,-710029040121309983776,-707087935121309983776,25605999687717426500,1225143000000000000,1715962000000000000,115384615384615384,738095238095238095,48,98219766728054020,166666666666666666,3324,261904761904761904,,569,270186797082913642,80253,3,29,0,0,0
oversized_observation,307,thetashield,240,500000,500,2780500000000000000,-710029040121309983776,-707248540121309983776,25605999687717426500,1151500000000000000,1629000000000000000,0,1000000000000000000,,0,0,0,0,,500,0,80253,3,29,0,0,0
oversized_observation,401,fixed_fee,240,0,500,2849000000000000000,-828947766449098849902,-826098766449098849902,27745565392554965200,1164000000000000000,1685000000000000000,0,1000000000000000000,,0,0,0,0,,500,0,80253,,0,0,0,0
oversized_observation,401,volatility_only,240,200000,903,5429451000000000000,-828947766449098849902,-823518315449098849902,27745565392554965200,1973472000000000000,3455979000000000000,714285714285714285,0,0,1000000000000000000,825000000000000000,2142,0,,984,1000000000000000000,80253,3,30,0,0,0
oversized_observation,401,raw_positive_markout,240,100000,694,4311726000000000000,-828947766449098849902,-824636040449098849902,27745565392554965200,1389228000000000000,2922498000000000000,421768707482993197,96774193548387096,9,962611275964391691,608333333333333333,4508,903225806451612903,,857,534191934336840841,80253,3,29,0,0,0
oversized_observation,401,dead_band_no_persistence,240,350000,571,3130583000000000000,-828947766449098849902,-825817183449098849902,27745565392554965200,1258766000000000000,1871817000000000000,108843537414965986,645161290322580645,83,150148367952522255,204166666666666666,2766,354838709677419354,,628,309948207564998676,80253,3,29,0,0,0
oversized_observation,401,thetashield,240,500000,500,2849000000000000000,-828947766449098849902,-826098766449098849902,27745565392554965200,1164000000000000000,1685000000000000000,0,1000000000000000000,,0,0,0,0,,500,0,80253,3,29,0,0,0
oversized_observation,503,fixed_fee,240,0,500,2816500000000000000,-686308241273818832596,-683491741273818832596,25629034357549119100,1273000000000000000,1543500000000000000,0,1000000000000000000,,0,0,0,0,,500,0,80253,,0,0,0,0
oversized_observation,503,volatility_only,240,200000,871,5157157000000000000,-686308241273818832596,-681151084273818832596,25629034357549119100,2090986000000000000,3066171000000000000,746987951807228915,0,0,1000000000000000000,825000000000000000,2128,0,,979,1000000000000000000,80253,3,30,0,0,0
oversized_observation,503,raw_positive_markout,240,100000,652,3776866000000000000,-686308241273818832596,-682531375273818832596,25629034357549119100,1494235000000000000,2282631000000000000,349397590361445783,81081081081081081,10,982831227729186912,525000000000000000,3806,918918918918918918,,801,523265316860512335,80253,3,29,0,0,0
oversized_observation,503,dead_band_no_persistence,240,350000,534,2939456000000000000,-686308241273818832596,-683368785273818832596,25629034357549119100,1299222000000000000,1640234000000000000,30120481927710843,783783783783783783,65,78717201166180758,87500000000000000,1798,216216216216216216,,584,181545588369240402,80253,3,29,0,0,0
oversized_observation,503,thetashield,240,500000,500,2816500000000000000,-686308241273818832596,-683491741273818832596,25629034357549119100,1273000000000000000,1543500000000000000,0,1000000000000000000,,0,0,0,0,,500,0,80253,3,29,0,0,0
conflicting_references,101,fixed_fee,240,0,500,1740000000000000000,-1241455105534918860601,-1239715105534918860601,12452760024527599000,551500000000000000,1188500000000000000,0,1000000000000000000,,0,0,0,0,500,,0,80253,,0,0,0,0
conflicting_references,101,volatility_only,240,200000,858,2984770000000000000,-1241455105534918860601,-1238470335534918860601,12452760024527599000,785067000000000000,2199703000000000000,506666666666666666,30303030303030303,10,976020193521245267,825000000000000000,3538,0,926,,1000000000000000000,80253,3,30,0,0,0
conflicting_references,101,raw_positive_markout,240,100000,833,2898122000000000000,-1241455105534918860601,-1238556983534918860601,12452760024527599000,679118000000000000,2219004000000000000,280000000000000000,18181818181818181,4,980227177114009255,762500000000000000,2774,981818181818181818,932,,672690746484938496,80253,3,29,0,0,0
conflicting_references,101,dead_band_no_persistence,240,350000,500,1740000000000000000,-1241455105534918860601,-1239715105534918860601,12452760024527599000,551500000000000000,1188500000000000000,0,1000000000000000000,,0,0,0,0,500,,0,80253,3,29,0,0,0
conflicting_references,101,thetashield,240,500000,500,1740000000000000000,-1241455105534918860601,-1239715105534918860601,12452760024527599000,551500000000000000,1188500000000000000,0,1000000000000000000,,0,0,0,0,500,,0,80253,3,29,0,0,0
conflicting_references,211,fixed_fee,240,0,500,1769500000000000000,-1202383551788898870537,-1200614051788898870537,11908117689081175700,619500000000000000,1150000000000000000,0,1000000000000000000,,0,0,0,0,500,,0,80253,,0,0,0,0
conflicting_references,211,volatility_only,240,200000,888,3151131000000000000,-1202383551788898870537,-1199232420788898870537,11908117689081175700,971832000000000000,2179299000000000000,590361445783132530,50955414012738853,10,951304347826086956,825000000000000000,2410,0,948,,1000000000000000000,80253,3,30,0,0,0
conflicting_references,211,raw_positive_markout,240,100000,815,2892151000000000000,-1202383551788898870537,-1199491400788898870537,11908117689081175700,792739000000000000,2099412000000000000,301204819277108433,50955414012738853,10,951304347826086956,725000000000000000,2514,949044585987261146,913,,723956456348370071,80253,3,29,0,0,0
conflicting_references,211,dead_band_no_persistence,240,350000,500,1769500000000000000,-1202383551788898870537,-1200614051788898870537,11908117689081175700,619500000000000000,1150000000000000000,0,1000000000000000000,,0,0,0,0,500,,0,80253,3,29,0,0,0
conflicting_references,211,thetashield,240,500000,500,1769500000000000000,-1202383551788898870537,-1200614051788898870537,11908117689081175700,619500000000000000,1150000000000000000,0,1000000000000000000,,0,0,0,0,500,,0,80253,3,29,0,0,0
conflicting_references,307,fixed_fee,240,0,500,1778000000000000000,-1541504094439101245909,-1539726094439101245909,11732435377324352600,634000000000000000,1144000000000000000,0,1000000000000000000,,0,0,0,0,500,,0,80253,,0,0,0,0
conflicting_references,307,volatility_only,240,200000,881,3100147000000000000,-1541504094439101245909,-1538403947439101245909,11732435377324352600,945327000000000000,2154820000000000000,575000000000000000,50000000000000000,10,951048951048951048,825000000000000000,1782,0,940,,1000000000000000000,80253,3,30,0,0,0
conflicting_references,307,raw_positive_markout,240,100000,811,2849554000000000000,-1541504094439101245909,-1538654540439101245909,11732435377324352600,785050000000000000,2064504000000000000,287500000000000000,25000000000000000,6,971153846153846153,745833333333333333,2768,975000000000000000,904,,684672156452363564,80253,3,29,0,0,0
conflicting_references,307,dead_band_no_persistence,240,350000,500,1778000000000000000,-1541504094439101245909,-1539726094439101245909,11732435377324352600,634000000000000000,1144000000000000000,0,1000000000000000000,,0,0,0,0,500,,0,80253,3,29,0,0,0
conflicting_references,307,thetashield,240,500000,500,1778000000000000000,-1541504094439101245909,-1539726094439101245909,11732435377324352600,634000000000000000,1144000000000000000,0,1000000000000000000,,0,0,0,0,500,,0,80253,3,29,0,0,0
conflicting_references,401,fixed_fee,240,0,500,1700500000000000000,-1504700616309213670721,-1503000116309213670721,12260279672602795500,531000000000000000,1169500000000000000,0,1000000000000000000,,0,0,0,0,500,,0,80253,,0,0,0,0
conflicting_references,401,volatility_only,240,200000,868,2963407000000000000,-1504700616309213670721,-1501737209309213670721,12260279672602795500,777591000000000000,2185816000000000000,534246575342465753,47904191616766467,10,964514749893116716,825000000000000000,2744,0,928,,1000000000000000000,80253,3,30,0,0,0
conflicting_references,401,raw_positive_markout,240,100000,838,2870552000000000000,-1504700616309213670721,-1501830064309213670721,12260279672602795500,670539000000000000,2200013000000000000,273972602739726027,47904191616766467,10,964514749893116716,745833333333333333,2354,952095808383233532,931,,752185165072168926,80253,3,29,0,0,0
conflicting_references,401,dead_band_no_persistence,240,350000,500,1700500000000000000,-1504700616309213670721,-1503000116309213670721,12260279672602795500,531000000000000000,1169500000000000000,0,1000000000000000000,,0,0,0,0,500,,0,80253,3,29,0,0,0
conflicting_references,401,thetashield,240,500000,500,1700500000000000000,-1504700616309213670721,-1503000116309213670721,12260279672602795500,531000000000000000,1169500000000000000,0,1000000000000000000,,0,0,0,0,500,,0,80253,3,29,0,0,0
conflicting_references,503,fixed_fee,240,0,500,1784000000000000000,-1374907224336934709678,-1373123224336934709678,12134896611348964900,625500000000000000,1158500000000000000,0,1000000000000000000,,0,0,0,0,500,,0,80253,,0,0,0,0
conflicting_references,503,volatility_only,240,200000,882,3146815000000000000,-1374907224336934709678,-1371760409336934709678,12134896611348964900,976734000000000000,2170081000000000000,592592592592592592,56603773584905660,10,945187742770824341,825000000000000000,2156,0,936,,1000000000000000000,80253,3,30,0,0,0
conflicting_references,503,raw_positive_markout,240,100000,819,2900804000000000000,-1374907224336934709678,-1372006420336934709678,12134896611348964900,794046000000000000,2106758000000000000,320987654320987654,50314465408805031,7,953388001726370306,737500000000000000,3182,949685534591194968,912,,677913168749181667,80253,3,29,0,0,0
conflicting_references,503,dead_band_no_persistence,240,350000,500,1784000000000000000,-1374907224336934709678,-1373123224336934709678,12134896611348964900,625500000000000000,1158500000000000000,0,1000000000000000000,,0,0,0,0,500,,0,80253,3,29,0,0,0
conflicting_references,503,thetashield,240,500000,500,1784000000000000000,-1374907224336934709678,-1373123224336934709678,12134896611348964900,625500000000000000,1158500000000000000,0,1000000000000000000,,0,0,0,0,500,,0,80253,3,29,0,0,0
stale_references,101,fixed_fee,240,0,500,1837500000000000000,-781042892581958854082,-779205392581958854082,12906882229068821000,631500000000000000,1206000000000000000,0,1000000000000000000,,0,0,0,0,,500,0,80253,,0,0,0,0
stale_references,101,volatility_only,240,200000,811,2976496000000000000,-781042892581958854082,-778066396581958854082,12906882229068821000,914415000000000000,2062081000000000000,464285714285714285,198717948717948717,29,774461028192371475,683333333333333333,28392,0,,868,1000000000000000000,80253,3,20,0,0,80
stale_references,101,raw_positive_markout,240,100000,778,2863318000000000000,-781042892581958854082,-778179574581958854082,12906882229068821000,808133000000000000,2055185000000000000,380952380952380952,153846153846153846,0,843698175787728026,683333333333333333,12312,846153846153846153,,858,381197895466811391,80253,3,19,0,0,80
stale_references,101,dead_band_no_persistence,240,350000,664,2447130000000000000,-781042892581958854082,-778595762581958854082,12906882229068821000,740456000000000000,1706674000000000000,190476190476190476,487179487179487179,62,497097844112769485,400000000000000000,6622,512820512820512820,,714,330884469037794613,80253,3,19,0,0,80
stale_references,101,thetashield,240,500000,638,2334279000000000000,-781042892581958854082,-778708613581958854082,12906882229068821000,716222000000000000,1618057000000000000,154761904761904761,647435897435897435,121,337064676616915422,283333333333333333,6398,352564102564102564,,678,280419567413602819,80253,3,19,0,0,80
stale_references,211,fixed_fee,240,0,500,1709500000000000000,-793591663476375659172,-791882163476375659172,12220813222208131000,550000000000000000,1159500000000000000,0,1000000000000000000,,0,0,0,0,,500,0,80253,,0,0,0,0
stale_references,211,volatility_only,240,200000,818,2812797000000000000,-793591663476375659172,-790778866476375659172,12220813222208131000,781940000000000000,2030857000000000000,441558441558441558,202453987730061349,30,803363518758085381,683333333333333333,28814,0,,872,1000000000000000000,80253,3,20,0,0,80
stale_references,211,raw_positive_markout,240,100000,757,2545852000000000000,-793591663476375659172,-791045811476375659172,12220813222208131000,633915000000000000,1911937000000000000,194805194805194805,233128834355828220,9,736093143596377749,583333333333333333,13412,766871165644171779,,839,403964791918482554,80253,3,19,0,0,80
stale_references,211,dead_band_no_persistence,240,350000,695,2345073000000000000,-793591663476375659172,-791246590476375659172,12220813222208131000,609060000000000000,1736013000000000000,129870129870129870,447852760736196319,63,527382492453643811,416666666666666666,10578,552147239263803680,,760,402216535296986797,80253,3,19,0,0,80
stale_references,211,thetashield,240,500000,670,2268589000000000000,-793591663476375659172,-791323074476375659172,12220813222208131000,607507000000000000,1661082000000000000,103896103896103896,631901840490797546,105,360068995256576110,283333333333333333,9706,368098159509202453,,722,283409438891111522,80253,3,19,0,0,80
stale_references,307,fixed_fee,240,0,500,1844000000000000000,-924032535297686134133,-922188535297686134133,13749566757495666200,530500000000000000,1313500000000000000,0,1000000000000000000,,0,0,0,0,,500,0,80253,,0,0,0,0
stale_references,307,volatility_only,240,200000,806,2990825000000000000,-924032535297686134133,-921041710297686134133,13749566757495666200,761800000000000000,2229025000000000000,470588235294117647,232558139534883720,30,769699276741530262,683333333333333333,27944,0,,846,1000000000000000000,80253,3,20,0,0,80
stale_references,307,raw_positive_markout,240,100000,767,2836455000000000000,-924032535297686134133,-921196080297686134133,13749566757495666200,644255000000000000,2192200000000000000,235294117647058823,220930232558139534,6,780738484963837076,625000000000000000,14068,779069767441860465,,832,410131422893735233,80253,3,19,0,0,80
stale_references,307,dead_band_no_persistence,240,350000,681,2529977000000000000,-924032535297686134133,-921502558297686134133,13749566757495666200,612369000000000000,1917608000000000000,176470588235294117,511627906976744186,42,499809668823753330,400000000000000000,11146,488372093023255813,,722,376812086486308830,80253,3,19,0,0,80
stale_references,307,thetashield,240,500000,627,2367219000000000000,-924032535297686134133,-921665316297686134133,13749566757495666200,571947000000000000,1795272000000000000,58823529411764705,674418604651162790,125,354396650171298058,250000000000000000,8778,325581395348837209,,663,266815271415059734,80253,3,19,0,0,80
stale_references,401,fixed_fee,240,0,500,1819000000000000000,-828398052711417292508,-826579052711417292508,13509041265090411300,539000000000000000,1280000000000000000,0,1000000000000000000,,0,0,0,0,,500,0,80253,,0,0,0,0
stale_references,401,volatility_only,240,200000,807,2941577000000000000,-828398052711417292508,-825456475711417292508,13509041265090411300,720967000000000000,2220610000000000000,400000000000000000,187878787878787878,30,817187500000000000,683333333333333333,28036,0,,865,1000000000000000000,80253,3,20,0,0,80
stale_references,401,raw_positive_markout,240,100000,769,2807509000000000000,-828398052711417292508,-825590543711417292508,13509041265090411300,631646000000000000,2175863000000000000,200000000000000000,218181818181818181,17,779296875000000000,600000000000000000,11732,781818181818181818,,852,429504391067022894,80253,3,19,0,0,80
stale_references,401,dead_band_no_persistence,240,350000,690,2526120000000000000,-828398052711417292508,-825871932711417292508,13509041265090411300,598704000000000000,1927416000000000000,133333333333333333,436363636363636363,57,582421875000000000,429166666666666666,8296,563636363636363636,,752,295827161278476365,80253,3,19,0,0,80
stale_references,401,thetashield,240,500000,669,2456238000000000000,-828398052711417292508,-825941814711417292508,13509041265090411300,591804000000000000,1864434000000000000,80000000000000000,587878787878787878,108,426953125000000000,308333333333333333,7494,412121212121212121,,726,237549018054624693,80253,3,19,0,0,80
stale_references,503,fixed_fee,240,0,500,1750500000000000000,-850152863870042070297,-848402363870042070297,13400630864006307300,466000000000000000,1284500000000000000,0,1000000000000000000,,0,0,0,0,,500,0,80253,,0,0,0,0
stale_references,503,volatility_only,240,200000,769,2720827000000000000,-850152863870042070297,-847432036870042070297,13400630864006307300,616703000000000000,2104124000000000000,382352941176470588,197674418604651162,29,811599844297391981,683333333333333333,24432,0,,815,1000000000000000000,80253,3,20,0,0,80
stale_references,503,raw_positive_markout,240,100000,803,2801701000000000000,-850152863870042070297,-847351162870042070297,13400630864006307300,515775000000000000,2285926000000000000,161764705882352941,168604651162790697,13,823666796418840015,641666666666666666,14376,831395348837209302,,892,473727282605126876,80253,3,19,0,0,80
stale_references,503,dead_band_no_persistence,240,350000,781,2738520000000000000,-850152863870042070297,-847414343870042070297,13400630864006307300,515423000000000000,2223097000000000000,132352941176470588,343023255813953488,53,664850136239782016,508333333333333333,14184,656976744186046511,,859,288580046541713855,80253,3,19,0,0,80
stale_references,503,thetashield,240,500000,782,2707582000000000000,-850152863870042070297,-847445281870042070297,13400630864006307300,527510000000000000,2180072000000000000,132352941176470588,529069767441860465,89,467107824056052938,375000000000000000,14870,470930232558139534,,852,276534878889039824,80253,3,19,0,0,80
missing_callbacks,101,fixed_fee,240,0,500,1826500000000000000,-1486173427053148230682,-1484346927053148230682,12893120048931199200,576500000000000000,1250000000000000000,0,1000000000000000000,,0,0,0,0,500,,0,80253,,0,0,0,0
missing_callbacks,101,volatility_only,240,200000,750,2781217000000000000,-1486173427053148230682,-1483392210053148230682,12893120048931199200,748354000000000000,2032863000000000000,287500000000000000,318750000000000000,18,686400000000000000,550000000000000000,22736,0,809,,1000000000000000000,80253,3,15,15,0,0
missing_callbacks,101,raw_positive_markout,240,100000,714,2641059000000000000,-1486173427053148230682,-1483532368053148230682,12893120048931199200,664884000000000000,1976175000000000000,262500000000000000,306250000000000000,0,693200000000000000,550000000000000000,10058,693750000000000000,784,,341034327753613672,80253,3,14,15,0,0
missing_callbacks,101,dead_band_no_persistence,240,350000,658,2410498000000000000,-1486173427053148230682,-1483762929053148230682,12893120048931199200,636737000000000000,1773761000000000000,112500000000000000,512500000000000000,51,489600000000000000,362500000000000000,7804,487500000000000000,713,,277064897643435495,80253,3,14,15,0,0
missing_callbacks,101,thetashield,240,500000,671,2456877000000000000,-1486173427053148230682,-1483716550053148230682,12893120048931199200,659805000000000000,1797072000000000000,125000000000000000,575000000000000000,88,423600000000000000,325000000000000000,8522,425000000000000000,723,,166468672473962462,80253,3,14,15,0,0
missing_callbacks,211,fixed_fee,240,0,500,1715000000000000000,-1336232742270705951058,-1334517742270705951058,12607549366075492400,481000000000000000,1234000000000000000,0,1000000000000000000,,0,0,0,0,500,,0,80253,,0,0,0,0
missing_callbacks,211,volatility_only,240,200000,734,2524301000000000000,-1336232742270705951058,-1333708441270705951058,12607549366075492400,626556000000000000,1897745000000000000,351351351351351351,361445783132530120,18,635737439222042139,550000000000000000,21344,0,770,,1000000000000000000,80253,3,15,15,0,0
missing_callbacks,211,raw_positive_markout,240,100000,722,2523102000000000000,-1336232742270705951058,-1333709640270705951058,12607549366075492400,569988000000000000,1953114000000000000,270270270270270270,343373493975903614,0,690842787682333873,537500000000000000,9896,656626506024096385,780,,248492312954859498,80253,3,14,15,0,0
missing_callbacks,211,dead_band_no_persistence,240,350000,678,2369300000000000000,-1336232742270705951058,-1333863442270705951058,12607549366075492400,555580000000000000,1813720000000000000,162162162162162162,500000000000000000,41,522690437601296596,395833333333333333,8228,500000000000000000,725,,195603131706270425,80253,3,14,15,0,0
missing_callbacks,211,thetashield,240,500000,695,2444951000000000000,-1336232742270705951058,-1333787791270705951058,12607549366075492400,570561000000000000,1874390000000000000,148648648648648648,548192771084337349,66,488249594813614262,358333333333333333,9482,451807228915662650,742,,154420321165590532,80253,3,14,15,0,0
missing_callbacks,307,fixed_fee,240,0,500,1737500000000000000,-1338786878181049604603,-1337049378181049604603,12344974743449746200,527500000000000000,1210000000000000000,0,1000000000000000000,,0,0,0,0,500,,0,80253,,0,0,0,0
missing_callbacks,307,volatility_only,240,200000,747,2565881000000000000,-1338786878181049604603,-1336220997181049604603,12344974743449746200,679625000000000000,1886256000000000000,355263157894736842,359756097560975609,18,620247933884297520,550000000000000000,22422,0,787,,1000000000000000000,80253,3,15,15,0,0
missing_callbacks,307,raw_positive_markout,240,100000,732,2545344000000000000,-1338786878181049604603,-1336241534181049604603,12344974743449746200,584313000000000000,1961031000000000000,144736842105263157,317073170731707317,7,683057851239669421,512500000000000000,11521,682926829268292682,812,,229140516218490407,80253,3,15,15,0,0
missing_callbacks,307,dead_band_no_persistence,240,350000,725,2532819000000000000,-1338786878181049604603,-1336254059181049604603,12344974743449746200,573343000000000000,1959476000000000000,92105263157894736,353658536585365853,25,635123966942148760,470833333333333333,11510,646341463414634146,810,,237876149209987790,80253,3,15,15,0,0
missing_callbacks,307,thetashield,240,500000,735,2586491000000000000,-1338786878181049604603,-1336200387181049604603,12344974743449746200,576521000000000000,2009970000000000000,65789473684210526,554878048780487804,83,453719008264462809,325000000000000000,12375,445121951219512195,821,,166114602716507084,80253,3,15,15,0,0
missing_callbacks,401,fixed_fee,240,0,500,1850500000000000000,-1763189808243461391317,-1761339308243461391317,14348373283483731400,472500000000000000,1378000000000000000,0,1000000000000000000,,0,0,0,0,500,,0,80253,,0,0,0,0
missing_callbacks,401,volatility_only,240,200000,717,2681154000000000000,-1763189808243461391317,-1760508654243461391317,14348373283483731400,610421000000000000,2070733000000000000,327868852459016393,374301675977653631,18,626995645863570391,550000000000000000,19798,0,749,,1000000000000000000,80253,3,15,15,0,0
missing_callbacks,401,raw_positive_markout,240,100000,749,2789853000000000000,-1763189808243461391317,-1760399955243461391317,14348373283483731400,563107000000000000,2226746000000000000,229508196721311475,318435754189944134,4,682148040638606676,566666666666666666,10718,681564245810055865,807,,101961803992478586,80253,3,14,15,0,0
missing_callbacks,401,dead_band_no_persistence,240,350000,752,2809967000000000000,-1763189808243461391317,-1760379841243461391317,14348373283483731400,568373000000000000,2241594000000000000,131147540983606557,418994413407821229,39,584179970972423802,466666666666666666,10800,581005586592178770,811,,76716468120767905,80253,3,14,15,0,0
missing_callbacks,401,thetashield,240,500000,787,2951640000000000000,-1763189808243461391317,-1760238168243461391317,14348373283483731400,593492000000000000,2358148000000000000,131147540983606557,536312849162011173,72,467343976777939042,379166666666666666,12032,463687150837988826,851,,86011966146207014,80253,3,14,15,0,0
missing_callbacks,503,fixed_fee,240,0,500,1876500000000000000,-1659961564293330125615,-1658085064293330125615,13487063234870631000,574500000000000000,1302000000000000000,0,1000000000000000000,,0,0,0,0,500,,0,80253,,0,0,0,0
missing_callbacks,503,volatility_only,240,200000,746,2838880000000000000,-1659961564293330125615,-1657122684293330125615,13487063234870631000,783019000000000000,2055861000000000000,386666666666666666,375757575757575757,18,643625192012288786,550000000000000000,22534,0,780,,1000000000000000000,80253,3,15,15,0,0
missing_callbacks,503,raw_positive_markout,240,100000,727,2724138000000000000,-1659961564293330125615,-1657237426293330125615,13487063234870631000,679991000000000000,2044147000000000000,240000000000000000,321212121212121212,8,665898617511520737,541666666666666666,9550,678787878787878787,791,,231584297945675090,80253,3,14,15,0,0
missing_callbacks,503,dead_band_no_persistence,240,350000,669,2497364000000000000,-1659961564293330125615,-1657464200293330125615,13487063234870631000,655766000000000000,1841598000000000000,200000000000000000,387878787878787878,24,605222734254992319,483333333333333333,7450,612121212121212121,716,,272382268194038322,80253,3,14,15,0,0
missing_callbacks,503,thetashield,240,500000,694,2579250000000000000,-1659961564293330125615,-1657382314293330125615,13487063234870631000,655432000000000000,1923818000000000000,146666666666666666,527272727272727272,70,467741935483870967,370833333333333333,8550,472727272727272727,750,,227278460750544247,80253,3,14,15,0,0
replayed_callbacks,101,fixed_fee,240,0,500,1749000000000000000,-1314520572075256994151,-1312771572075256994151,12429067274290671500,545500000000000000,1203500000000000000,0,1000000000000000000,,0,0,0,0,500,,0,80253,,0,0,0,0
replayed_callbacks,101,volatility_only,240,200000,877,3051137000000000000,-1314520572075256994151,-1311469435075256994151,12429067274290671500,800565000000000000,2250572000000000000,564102564102564102,49382716049382716,10,947652679684254258,825000000000000000,2162,0,934,,1000000000000000000,80253,3,30,0,30,0
replayed_callbacks,101,raw_positive_markout,240,100000,833,2897478000000000000,-1314520572075256994151,-1311623094075256994151,12429067274290671500,648921000000000000,2248557000000000000,320512820512820512,24691358024691358,5,977565434150394682,762500000000000000,2280,975308641975308641,933,,684255638250064511,80253,3,29,0,29,0
replayed_callbacks,101,dead_band_no_persistence,240,350000,786,2751412000000000000,-1314520572075256994151,-1311769160075256994151,12429067274290671500,628434000000000000,2122978000000000000,217948717948717948,104938271604938271,25,901537183215621105,675000000000000000,3554,895061728395061728,879,,519058924169001328,80253,3,29,0,29,0
replayed_callbacks,101,thetashield,240,500000,804,2814523000000000000,-1314520572075256994151,-1311706049075256994151,12429067274290671500,631210000000000000,2183313000000000000,153846153846153846,376543209876543209,82,621520565018695471,470833333333333333,2600,623456790123456790,903,,339270463930814311,80253,3,29,0,29,0
replayed_callbacks,211,fixed_fee,240,0,500,1885500000000000000,-1810083693835864954123,-1808198193835864954123,14142799301427991600,514500000000000000,1371000000000000000,0,1000000000000000000,,0,0,0,0,500,,0,80253,,0,0,0,0
replayed_callbacks,211,volatility_only,240,200000,829,3117956000000000000,-1810083693835864954123,-1806965737835864954123,14142799301427991600,693888000000000000,2424068000000000000,435483870967741935,39325842696629213,9,959883296863603209,825000000000000000,2582,0,885,,1000000000000000000,80253,3,30,0,30,0
replayed_callbacks,211,raw_positive_markout,240,100000,855,3208632000000000000,-1810083693835864954123,-1806875061835864954123,14142799301427991600,610065000000000000,2598567000000000000,306451612903225806,39325842696629213,0,953318745441283734,791666666666666666,2546,960674157303370786,949,,773921273547124735,80253,3,29,0,29,0
replayed_callbacks,211,dead_band_no_persistence,240,350000,862,3231903000000000000,-1810083693835864954123,-1806851790835864954123,14142799301427991600,616252000000000000,2615651000000000000,177419354838709677,140449438202247191,28,855579868708971553,683333333333333333,3802,859550561797752808,957,,485862147003066462,80253,3,29,0,29,0
replayed_callbacks,211,thetashield,240,500000,884,3251206000000000000,-1810083693835864954123,-1806832487835864954123,14142799301427991600,566345000000000000,2684861000000000000,80645161290322580,331460674157303370,69,648796498905908096,516666666666666666,2102,668539325842696629,998,,341109303219142634,80253,3,29,0,29,0
replayed_callbacks,307,fixed_fee,240,0,500,1782000000000000000,-1938843847697006634959,-1937061847697006634959,13533453455334533200,468500000000000000,1313500000000000000,0,1000000000000000000,,0,0,0,0,500,,0,80253,,0,0,0,0
replayed_callbacks,307,volatility_only,240,200000,838,2996445000000000000,-1938843847697006634959,-1935847402697006634959,13533453455334533200,674388000000000000,2322057000000000000,515151515151515151,57471264367816091,10,935287400076132470,825000000000000000,3230,0,885,,1000000000000000000,80253,3,30,0,30,0
replayed_callbacks,307,raw_positive_markout,240,100000,850,3061443000000000000,-1938843847697006634959,-1935782404697006634959,13533453455334533200,583664000000000000,2477779000000000000,318181818181818181,22988505747126436,4,981347544727826417,795833333333333333,2304,977011494252873563,944,,625403115865802775,80253,3,29,0,29,0
replayed_callbacks,307,dead_band_no_persistence,240,350000,866,3091071000000000000,-1938843847697006634959,-1935752776697006634959,13533453455334533200,605859000000000000,2485212000000000000,212121212121212121,114942528735632183,20,875904073087171678,700000000000000000,3306,885057471264367816,958,,390736967103072220,80253,3,29,0,29,0
replayed_callbacks,307,thetashield,240,500000,909,3270560000000000000,-1938843847697006634959,-1935573287697006634959,13533453455334533200,641030000000000000,2629530000000000000,196969696969696969,293103448275862068,53,700418728587742672,566666666666666666,2700,706896551724137931,1008,,519636452447121340,80253,3,29,0,29,0
replayed_callbacks,401,fixed_fee,240,0,500,1806500000000000000,-1599690990576296873437,-1597884490576296873437,12944116069441159400,571500000000000000,1235000000000000000,0,1000000000000000000,,0,0,0,0,500,,0,80253,,0,0,0,0
replayed_callbacks,401,volatility_only,240,200000,842,3037481000000000000,-1599690990576296873437,-1596653509576296873437,12944116069441159400,825556000000000000,2211925000000000000,521126760563380281,47337278106508875,10,950202429149797570,825000000000000000,2582,0,895,,1000000000000000000,80253,3,30,0,30,0
replayed_callbacks,401,raw_positive_markout,240,100000,845,3018255000000000000,-1599690990576296873437,-1596672735576296873437,12944116069441159400,709770000000000000,2308485000000000000,352112676056338028,35502958579881656,6,961133603238866396,783333333333333333,3500,964497041420118343,938,,648273572978169383,80253,3,29,0,29,0
replayed_callbacks,401,dead_band_no_persistence,240,350000,813,2908057000000000000,-1599690990576296873437,-1596782933576296873437,12944116069441159400,689147000000000000,2218910000000000000,197183098591549295,159763313609467455,33,835222672064777327,650000000000000000,5048,840236686390532544,899,,430547489743409199,80253,3,29,0,29,0
replayed_callbacks,401,thetashield,240,500000,841,3031705000000000000,-1599690990576296873437,-1596659285576296873437,12944116069441159400,706829000000000000,2324876000000000000,169014084507042253,331360946745562130,73,679757085020242914,520833333333333333,4556,668639053254437869,934,,288978099811988339,80253,3,29,0,29,0
replayed_callbacks,503,fixed_fee,240,0,500,1768000000000000000,-1408098700385646655641,-1406330700385646655641,12151992461519923400,595500000000000000,1172500000000000000,0,1000000000000000000,,0,0,0,0,500,,0,80253,,0,0,0,0
replayed_callbacks,503,volatility_only,240,200000,871,3078717000000000000,-1408098700385646655641,-1405019983385646655641,12151992461519923400,904663000000000000,2174054000000000000,571428571428571428,55214723926380368,10,945842217484008528,825000000000000000,2254,0,926,,1000000000000000000,80253,3,30,0,30,0
replayed_callbacks,503,raw_positive_markout,240,100000,820,2889011000000000000,-1408098700385646655641,-1405209689385646655641,12151992461519923400,746288000000000000,2142723000000000000,363636363636363636,6134969325153374,0,989339019189765458,791666666666666666,3764,993865030674846625,913,,679471353850095088,80253,3,29,0,29,0
replayed_callbacks,503,dead_band_no_persistence,240,350000,748,2659508000000000000,-1408098700385646655641,-1405439192385646655641,12151992461519923400,732309000000000000,1927199000000000000,246753246753246753,190184049079754601,26,822601279317697228,629166666666666666,5444,809815950920245398,812,,451723038198233592,80253,3,29,0,29,0
replayed_callbacks,503,thetashield,240,500000,744,2629693000000000000,-1408098700385646655641,-1405469007385646655641,12151992461519923400,716570000000000000,1913123000000000000,168831168831168831,392638036809815950,86,601705756929637526,466666666666666666,3588,607361963190184049,815,,334230107412631762,80253,3,29,0,29,0
out_of_order_callbacks,101,fixed_fee,240,0,500,1819500000000000000,-1444575399962349452273,-1442755899962349452273,12817824738178246100,600500000000000000,1219000000000000000,0,1000000000000000000,,0,0,0,0,500,,0,80253,,0,0,0,0
out_of_order_callbacks,101,volatility_only,240,200000,746,2679689000000000000,-1444575399962349452273,-1441895710962349452273,12817824738178246100,810033000000000000,1869656000000000000,418918918918918918,391566265060240963,18,597621000820344544,550000000000000000,22532,0,773,,1000000000000000000,80253,3,15,0,15,0
out_of_order_callbacks,101,raw_positive_markout,240,100000,731,2645099000000000000,-1444575399962349452273,-1441930300962349452273,12817824738178246100,729686000000000000,1915413000000000000,337837837837837837,379518072289156626,22,618539786710418375,533333333333333333,10320,620481927710843373,787,,253764518025835016,80253,3,14,1,14,0
out_of_order_callbacks,101,dead_band_no_persistence,240,350000,680,2498641000000000000,-1444575399962349452273,-1442076758962349452273,12817824738178246100,728666000000000000,1769975000000000000,189189189189189189,554216867469879518,54,454881050041017227,366666666666666666,8050,445783132530120481,716,,221007476724882250,80253,3,14,1,14,0
out_of_order_callbacks,101,thetashield,240,500000,676,2485140000000000000,-1444575399962349452273,-1442090259962349452273,12817824738178246100,756037000000000000,1729103000000000000,189189189189189189,674698795180722891,84,335110746513535684,283333333333333333,7562,325301204819277108,700,,126463061768199303,80253,3,14,1,14,0
out_of_order_callbacks,211,fixed_fee,240,0,500,1778500000000000000,-1585100034547864341748,-1583321534547864341748,13098504090985039600,521500000000000000,1257000000000000000,0,1000000000000000000,,0,0,0,0,500,,0,80253,,0,0,0,0
out_of_order_callbacks,211,volatility_only,240,200000,736,2633434000000000000,-1585100034547864341748,-1582466600547864341748,13098504090985039600,700170000000000000,1933264000000000000,366197183098591549,372781065088757396,17,623707239459029435,550000000000000000,21584,0,771,,1000000000000000000,80253,3,15,0,15,0
out_of_order_callbacks,211,raw_positive_markout,240,100000,716,2586339000000000000,-1585100034547864341748,-1582513695547864341748,13098504090985039600,601014000000000000,1985325000000000000,267605633802816901,319526627218934911,0,705648369132856006,558333333333333333,8698,680473372781065088,782,,184535212704107700,80253,3,14,1,14,0
out_of_order_callbacks,211,dead_band_no_persistence,240,350000,680,2463457000000000000,-1585100034547864341748,-1582636577547864341748,13098504090985039600,600504000000000000,1862953000000000000,112676056338028169,502958579881656804,40,496817820206841686,383333333333333333,6578,497041420118343195,732,,100323146393936035,80253,3,14,1,14,0
out_of_order_callbacks,211,thetashield,240,500000,690,2530995000000000000,-1585100034547864341748,-1582569039547864341748,13098504090985039600,611966000000000000,1919029000000000000,84507042253521126,597633136094674556,67,412092283214001591,308333333333333333,7148,402366863905325443,744,,100749002448576109,80253,3,14,1,14,0
out_of_order_callbacks,307,fixed_fee,240,0,500,1873500000000000000,-1552534394456658061865,-1550660894456658061865,12977109129771090000,600500000000000000,1273000000000000000,0,1000000000000000000,,0,0,0,0,500,,0,80253,,0,0,0,0
out_of_order_callbacks,307,volatility_only,240,200000,750,2814396000000000000,-1552534394456658061865,-1549719998456658061865,12977109129771090000,812048000000000000,2002348000000000000,386666666666666666,375757575757575757,18,628043990573448546,550000000000000000,22664,0,784,,1000000000000000000,80253,3,15,0,15,0
out_of_order_callbacks,307,raw_positive_markout,240,100000,733,2747631000000000000,-1552534394456658061865,-1549786763456658061865,12977109129771090000,738580000000000000,2009051000000000000,226666666666666666,345454545454545454,7,655538098978790259,520833333333333333,10848,654545454545454545,789,,278548432586656243,80253,3,14,1,14,0
out_of_order_callbacks,307,dead_band_no_persistence,240,350000,685,2557040000000000000,-1552534394456658061865,-1549977354456658061865,12977109129771090000,728805000000000000,1828235000000000000,213333333333333333,448484848484848484,37,543990573448546739,445833333333333333,8572,551515151515151515,723,,255273762845647215,80253,3,14,1,14,0
out_of_order_callbacks,307,thetashield,240,500000,675,2525052000000000000,-1552534394456658061865,-1550009342456658061865,12977109129771090000,699316000000000000,1825736000000000000,133333333333333333,587878787878787878,83,411233307148468185,325000000000000000,8698,412121212121212121,718,,262729451903845598,80253,3,14,1,14,0
out_of_order_callbacks,401,fixed_fee,240,0,500,1757000000000000000,-1515026030088871493991,-1513269030088871493991,13154995461549953300,493500000000000000,1263500000000000000,0,1000000000000000000,,0,0,0,0,500,,0,80253,,0,0,0,0
out_of_order_callbacks,401,volatility_only,240,200000,738,2580594000000000000,-1515026030088871493991,-1512445436088871493991,13154995461549953300,637418000000000000,1943176000000000000,352941176470588235,372093023255813953,18,621685793430945785,550000000000000000,21658,0,773,,1000000000000000000,80253,3,15,0,15,0
out_of_order_callbacks,401,raw_positive_markout,240,100000,737,2565786000000000000,-1515026030088871493991,-1512460244088871493991,13154995461549953300,581946000000000000,1983840000000000000,294117647058823529,325581395348837209,3,658092599920854768,566666666666666666,9544,674418604651162790,790,,359903599457666935,80253,3,14,1,14,0
out_of_order_callbacks,401,dead_band_no_persistence,240,350000,694,2419103000000000000,-1515026030088871493991,-1512606927088871493991,13154995461549953300,572330000000000000,1846773000000000000,176470588235294117,488372093023255813,39,497032053818757419,416666666666666666,7650,511627906976744186,736,,280467927489713656,80253,3,14,1,14,0
out_of_order_callbacks,401,thetashield,240,500000,722,2533746000000000000,-1515026030088871493991,-1512492284088871493991,13154995461549953300,594337000000000000,1939409000000000000,161764705882352941,529069767441860465,68,459042342698852394,383333333333333333,9324,470930232558139534,770,,333388108049696034,80253,3,14,1,14,0
out_of_order_callbacks,503,fixed_fee,240,0,500,1814000000000000000,-1208106652016591929759,-1206292652016591929759,13034807120348069900,536000000000000000,1278000000000000000,0,1000000000000000000,,0,0,0,0,500,,0,80253,,0,0,0,0
out_of_order_callbacks,503,volatility_only,240,200000,745,2695669000000000000,-1208106652016591929759,-1205410983016591929759,13034807120348069900,708641000000000000,1987028000000000000,394736842105263157,378048780487804878,17,620892018779342723,550000000000000000,22270,0,777,,1000000000000000000,80253,3,15,0,15,0
out_of_order_callbacks,503,raw_positive_markout,240,100000,717,2593399000000000000,-1208106652016591929759,-1205513253016591929759,13034807120348069900,615900000000000000,1977499000000000000,210526315789473684,347560975609756097,6,621283255086071987,512500000000000000,8950,652439024390243902,785,,299454027089937580,80253,3,14,1,14,0
out_of_order_callbacks,503,dead_band_no_persistence,240,350000,670,2434086000000000000,-1208106652016591929759,-1205672566016591929759,13034807120348069900,583034000000000000,1851052000000000000,131578947368421052,445121951219512195,33,544992175273865414,420833333333333333,8104,554878048780487804,727,,321489424597319298,80253,3,14,1,14,0
out_of_order_callbacks,503,thetashield,240,500000,693,2507433000000000000,-1208106652016591929759,-1205599219016591929759,13034807120348069900,591157000000000000,1916276000000000000,92105263157894736,585365853658536585,81,405712050078247261,312500000000000000,8648,414634146341463414,756,,231464248915760777,80253,3,14,1,14,0
fee_oscillation,101,fixed_fee,240,0,500,1811000000000000000,-9583188992621483584,-7772188992621483584,8715646837156467500,1142000000000000000,669000000000000000,0,1000000000000000000,,0,0,0,0,500,500,0,80253,,0,0,0,0
fee_oscillation,101,volatility_only,240,200000,922,3333280000000000000,-9583188992621483584,-6249908992621483584,8715646837156467500,1988013000000000000,1345267000000000000,727272727272727272,0,0,1000000000000000000,825000000000000000,3510,0,1058,933,1000000000000000000,80253,3,30,0,0,0
fee_oscillation,101,raw_positive_markout,240,100000,703,2552696000000000000,-9583188992621483584,-7030492992621483584,8715646837156467500,1439377000000000000,1113319000000000000,396103896103896103,220930232558139534,2,804932735426008968,533333333333333333,6482,686046511627906976,845,775,430766083113684996,80253,3,29,0,0,0
fee_oscillation,101,dead_band_no_persistence,240,350000,578,2099742000000000000,-9583188992621483584,-7483446992621483584,8715646837156467500,1243825000000000000,855917000000000000,181818181818181818,569767441860465116,15,450672645739910313,270833333333333333,2810,430232558139534883,675,579,336266108104511378,80253,3,29,0,0,0
fee_oscillation,101,thetashield,240,500000,500,1811000000000000000,-9583188992621483584,-7772188992621483584,8715646837156467500,1142000000000000000,669000000000000000,0,1000000000000000000,,0,0,0,0,500,500,0,80253,3,29,0,0,0
fee_oscillation,211,fixed_fee,240,0,500,1791500000000000000,-30533105536693599506,-28741605536693599506,8070351260703511800,1201000000000000000,590500000000000000,0,1000000000000000000,,0,0,0,0,500,500,0,80253,,0,0,0,0
fee_oscillation,211,volatility_only,240,200000,934,3347017000000000000,-30533105536693599506,-27186088536693599506,8070351260703511800,2155274000000000000,1191743000000000000,729032258064516129,0,0,1000000000000000000,825000000000000000,3126,0,1062,953,1000000000000000000,80253,3,30,0,0,0
fee_oscillation,211,raw_positive_markout,240,100000,708,2496540000000000000,-30533105536693599506,-28036565536693599506,8070351260703511800,1525934000000000000,970606000000000000,548387096774193548,176470588235294117,5,822184589331075359,645833333333333333,6610,705882352941176470,814,820,440061204285682299,80253,3,29,0,0,0
fee_oscillation,211,dead_band_no_persistence,240,350000,601,2134331000000000000,-30533105536693599506,-28398774536693599506,8070351260703511800,1333368000000000000,800963000000000000,225806451612903225,564705882352941176,13,439458086367485182,300000000000000000,4136,435294117647058823,748,592,342770699513473008,80253,3,29,0,0,0
fee_oscillation,211,thetashield,240,500000,500,1791500000000000000,-30533105536693599506,-28741605536693599506,8070351260703511800,1201000000000000000,590500000000000000,0,1000000000000000000,,0,0,0,0,500,500,0,80253,3,29,0,0,0
fee_oscillation,307,fixed_fee,240,0,500,1834500000000000000,-13739385915166154619,-11904885915166154619,8680665506806654200,1187000000000000000,647500000000000000,0,1000000000000000000,,0,0,0,0,500,500,0,80253,,0,0,0,0
fee_oscillation,307,volatility_only,240,200000,927,3420704000000000000,-13739385915166154619,-10318681915166154619,8680665506806654200,2122308000000000000,1298396000000000000,727272727272727272,0,0,1000000000000000000,825000000000000000,3330,0,1052,966,1000000000000000000,80253,3,30,0,0,0
fee_oscillation,307,raw_positive_markout,240,100000,704,2540292000000000000,-13739385915166154619,-11199093915166154619,8680665506806654200,1452508000000000000,1087784000000000000,519480519480519480,151162790697674418,3,843243243243243243,637500000000000000,7798,732558139534883720,837,867,411916780576088233,80253,3,29,0,0,0
fee_oscillation,307,dead_band_no_persistence,240,350000,570,2073843000000000000,-13739385915166154619,-11665542915166154619,8680665506806654200,1261758000000000000,812085000000000000,142857142857142857,511627906976744186,17,473359073359073359,266666666666666666,3276,488372093023255813,615,645,319673093626381926,80253,3,29,0,0,0
fee_oscillation,307,thetashield,240,500000,500,1834500000000000000,-13739385915166154619,-11904885915166154619,8680665506806654200,1187000000000000000,647500000000000000,0,1000000000000000000,,0,0,0,0,500,500,0,80253,3,29,0,0,0
fee_oscillation,401,fixed_fee,240,0,500,1773000000000000000,-3487568560294564699,-1714568560294564699,8222640552226404700,1185500000000000000,587500000000000000,0,1000000000000000000,,0,0,0,0,500,500,0,80253,,0,0,0,0
fee_oscillation,401,volatility_only,240,200000,926,3244303000000000000,-3487568560294564699,-243265560294564699,8222640552226404700,2060031000000000000,1184272000000000000,730769230769230769,0,0,1000000000000000000,825000000000000000,3318,0,1054,971,1000000000000000000,80253,3,30,0,0,0
fee_oscillation,401,raw_positive_markout,240,100000,718,2515949000000000000,-3487568560294564699,-971619560294564699,8222640552226404700,1556001000000000000,959948000000000000,551282051282051282,190476190476190476,5,794893617021276595,641666666666666666,6308,678571428571428571,835,838,501305856382406698,80253,3,29,0,0,0
fee_oscillation,401,dead_band_no_persistence,240,350000,590,2066704000000000000,-3487568560294564699,-1420864560294564699,8222640552226404700,1315895000000000000,750809000000000000,179487179487179487,559523809523809523,19,419574468085106382,270833333333333333,3970,440476190476190476,674,621,340560284677223104,80253,3,29,0,0,0
fee_oscillation,401,thetashield,240,500000,500,1773000000000000000,-3487568560294564699,-1714568560294564699,8222640552226404700,1185500000000000000,587500000000000000,0,1000000000000000000,,0,0,0,0,500,500,0,80253,3,29,0,0,0
fee_oscillation,503,fixed_fee,240,0,500,1796000000000000000,-16332946944044042319,-14536946944044042319,8643284176432840900,1152500000000000000,643500000000000000,0,1000000000000000000,,0,0,0,0,500,500,0,80253,,0,0,0,0
fee_oscillation,503,volatility_only,240,200000,923,3326679000000000000,-16332946944044042319,-13006267944044042319,8643284176432840900,2034377000000000000,1292302000000000000,729032258064516129,0,0,1000000000000000000,825000000000000000,3356,0,1035,967,1000000000000000000,80253,3,30,0,0,0
fee_oscillation,503,raw_positive_markout,240,100000,707,2576915000000000000,-16332946944044042319,-13756031944044042319,8643284176432840900,1496245000000000000,1080670000000000000,445161290322580645,235294117647058823,3,797202797202797202,558333333333333333,5656,705882352941176470,827,821,453368210262239633,80253,3,29,0,0,0
fee_oscillation,503,dead_band_no_persistence,240,350000,592,2152305000000000000,-16332946944044042319,-14180641944044042319,8643284176432840900,1288117000000000000,864188000000000000,180645161290322580,541176470588235294,11,484071484071484071,279166666666666666,3040,458823529411764705,696,630,349500885843145396,80253,3,29,0,0,0
fee_oscillation,503,thetashield,240,500000,500,1796000000000000000,-16332946944044042319,-14536946944044042319,8643284176432840900,1152500000000000000,643500000000000000,0,1000000000000000000,,0,0,0,0,500,500,0,80253,3,29,0,0,0
